Direction,TL_state,ohe_speed_limit,Speed,Throttle,Steer,Brake,frame
[0. 0. 0. 0. 1. 0. 0.],[1. 0. 0.],[0. 0. 0. 1. 0. 0. 0. 0. 0. 0. 0.],0.196,1.0,0.002,0.0,00002251
[0. 0. 0. 0. 1. 0. 0.],[1. 0. 0.],[0. 0. 0. 1. 0. 0. 0. 0. 0. 0. 0.],0.191,1.0,0.002,0.0,00002265
[0. 0. 0. 0. 1. 0. 0.],[1. 0. 0.],[0. 0. 0. 1. 0. 0. 0. 0. 0. 0. 0.],0.206,1.0,0.001,0.0,00002277
[0. 0. 0. 0. 1. 0. 0.],[1. 0. 0.],[0. 0. 0. 1. 0. 0. 0. 0. 0. 0. 0.],0.247,1.0,0.079,0.0,00002290
[0. 0. 0. 0. 1. 0. 0.],[1. 0. 0.],[0. 0. 0. 1. 0. 0. 0. 0. 0. 0. 0.],0.273,1.0,0.036,0.0,00002302
[0. 0. 0. 0. 1. 0. 0.],[1. 0. 0.],[0. 0. 0. 1. 0. 0. 0. 0. 0. 0. 0.],0.304,0.722,0.18,0.0,00002315
[0. 0. 0. 0. 1. 0. 0.],[1. 0. 0.],[0. 0. 0. 1. 0. 0. 0. 0. 0. 0. 0.],0.319,0.0,0.358,0.0,00002328
[0. 0. 0. 0. 1. 0. 0.],[1. 0. 0.],[0. 0. 0. 1. 0. 0. 0. 0. 0. 0. 0.],0.309,0.0,1.0,0.0,00002341
[0. 0. 0. 0. 1. 0. 0.],[1. 0. 0.],[0. 0. 0. 1. 0. 0. 0. 0. 0. 0. 0.],0.278,1.0,0.344,0.0,00002353
[0. 0. 0. 0. 1. 0. 0.],[1. 0. 0.],[0. 0. 0. 1. 0. 0. 0. 0. 0. 0. 0.],0.26,1.0,0.498,0.0,00002364
[0. 0. 1. 0. 0. 0. 0.],[1. 0. 0.],[0. 0. 0. 1. 0. 0. 0. 0. 0. 0. 0.],0.252,1.0,0.359,0.0,00002373
[0. 0. 1. 0. 0. 0. 0.],[1. 0. 0.],[0. 0. 0. 1. 0. 0. 0. 0. 0. 0. 0.],0.242,1.0,0.246,0.0,00002381
[0. 0. 1. 0. 0. 0. 0.],[1. 0. 0.],[0. 0. 0. 1. 0. 0. 0. 0. 0. 0. 0.],0.229,1.0,0.274,0.0,00002389
[0. 0. 1. 0. 0. 0. 0.],[1. 0. 0.],[0. 0. 0. 1. 0. 0. 0. 0. 0. 0. 0.],0.224,1.0,-0.045,0.0,00002398
[0. 0. 1. 0. 0. 0. 0.],[1. 0. 0.],[0. 0. 0. 1. 0. 0. 0. 0. 0. 0. 0.],0.234,1.0,0.22,0.0,00002406
[0. 0. 1. 0. 0. 0. 0.],[1. 0. 0.],[0. 0. 0. 1. 0. 0. 0. 0. 0. 0. 0.],0.255,1.0,0.124,0.0,00002415
[0. 0. 1. 0. 0. 0. 0.],[1. 0. 0.],[0. 0. 0. 1. 0. 0. 0. 0. 0. 0. 0.],0.272,1.0,0.161,0.0,00002423
[0. 0. 1. 0. 0. 0. 0.],[1. 0. 0.],[0. 0. 0. 1. 0. 0. 0. 0. 0. 0. 0.],0.301,1.0,0.028,0.0,00002432
[0. 0. 1. 0. 0. 0. 0.],[1. 0. 0.],[0. 0. 0. 1. 0. 0. 0. 0. 0. 0. 0.],0.316,0.0,0.021,0.0,00002441
[0. 0. 1. 0. 0. 0. 0.],[1. 0. 0.],[0. 0. 0. 1. 0. 0. 0. 0. 0. 0. 0.],0.312,0.0,0.029,0.0,00002449
[0. 0. 1. 0. 0. 0. 0.],[1. 0. 0.],[0. 0. 0. 1. 0. 0. 0. 0. 0. 0. 0.],0.283,0.956,0.008,0.0,00002459
[0. 0. 1. 0. 0. 0. 0.],[1. 0. 0.],[0. 0. 0. 1. 0. 0. 0. 0. 0. 0. 0.],0.264,1.0,-0.025,0.0,00002469
[0. 0. 1. 0. 0. 0. 0.],[1. 0. 0.],[0. 0. 0. 1. 0. 0. 0. 0. 0. 0. 0.],0.267,1.0,0.001,0.0,00002478
[0. 0. 1. 0. 0. 0. 0.],[1. 0. 0.],[0. 0. 0. 1. 0. 0. 0. 0. 0. 0. 0.],0.267,1.0,-0.017,0.0,00002487
[0. 0. 1. 0. 0. 0. 0.],[1. 0. 0.],[0. 0. 0. 1. 0. 0. 0. 0. 0. 0. 0.],0.266,1.0,-0.014,0.0,00002497
[0. 0. 1. 0. 0. 0. 0.],[1. 0. 0.],[0. 0. 0. 1. 0. 0. 0. 0. 0. 0. 0.],0.279,1.0,-0.012,0.0,00002507
[0. 0. 1. 0. 0. 0. 0.],[1. 0. 0.],[0. 0. 0. 1. 0. 0. 0. 0. 0. 0. 0.],0.308,0.69,-0.018,0.0,00002517
[0. 0. 1. 0. 0. 0. 0.],[1. 0. 0.],[0. 0. 0. 1. 0. 0. 0. 0. 0. 0. 0.],0.324,0.0,-0.005,0.0,00002526
[0. 0. 1. 0. 0. 0. 0.],[1. 0. 0.],[0. 0. 0. 1. 0. 0. 0. 0. 0. 0. 0.],0.316,0.0,-0.008,0.0,00002536
[0. 0. 1. 0. 0. 0. 0.],[1. 0. 0.],[0. 0. 0. 1. 0. 0. 0. 0. 0. 0. 0.],0.294,0.0,-0.007,0.0,00002545
[0. 0. 1. 0. 0. 0. 0.],[1. 0. 0.],[0. 0. 0. 1. 0. 0. 0. 0. 0. 0. 0.],0.278,1.0,-0.001,0.0,00002555
[0. 0. 1. 0. 0. 0. 0.],[1. 0. 0.],[0. 0. 0. 1. 0. 0. 0. 0. 0. 0. 0.],0.281,1.0,-0.002,0.0,00002564
[0. 0. 1. 0. 0. 0. 0.],[1. 0. 0.],[0. 0. 0. 1. 0. 0. 0. 0. 0. 0. 0.],0.302,0.607,-0.004,0.0,00002573
[0. 0. 1. 0. 0. 0. 0.],[1. 0. 0.],[0. 0. 0. 1. 0. 0. 0. 0. 0. 0. 0.],0.305,0.0,-0.002,0.0,00002584
[0. 0. 1. 0. 0. 0. 0.],[1. 0. 0.],[0. 0. 0. 1. 0. 0. 0. 0. 0. 0. 0.],0.304,0.0,-0.0,0.0,00002594
[0. 0. 1. 0. 0. 0. 0.],[1. 0. 0.],[0. 0. 0. 1. 0. 0. 0. 0. 0. 0. 0.],0.299,0.0,0.002,0.0,00002604
[0. 0. 1. 0. 0. 0. 0.],[1. 0. 0.],[0. 0. 0. 1. 0. 0. 0. 0. 0. 0. 0.],0.265,1.0,-0.002,0.0,00002614
[0. 0. 1. 0. 0. 0. 0.],[1. 0. 0.],[0. 0. 0. 1. 0. 0. 0. 0. 0. 0. 0.],0.258,1.0,0.001,0.0,00002625
[0. 0. 1. 0. 0. 0. 0.],[1. 0. 0.],[0. 0. 0. 1. 0. 0. 0. 0. 0. 0. 0.],0.268,1.0,-0.0,0.0,00002635
[0. 0. 1. 0. 0. 0. 0.],[1. 0. 0.],[0. 0. 0. 1. 0. 0. 0. 0. 0. 0. 0.],0.283,1.0,0.0,0.0,00002645
[0. 0. 1. 0. 0. 0. 0.],[1. 0. 0.],[0. 0. 0. 1. 0. 0. 0. 0. 0. 0. 0.],0.304,0.608,0.0,0.0,00002655
[0. 0. 1. 0. 0. 0. 0.],[1. 0. 0.],[0. 0. 0. 1. 0. 0. 0. 0. 0. 0. 0.],0.31,0.0,0.0,0.0,00002666
[0. 0. 1. 0. 0. 0. 0.],[1. 0. 0.],[0. 0. 0. 1. 0. 0. 0. 0. 0. 0. 0.],0.293,0.082,0.0,0.0,00002676
[0. 0. 1. 0. 0. 0. 0.],[1. 0. 0.],[0. 0. 0. 1. 0. 0. 0. 0. 0. 0. 0.],0.268,1.0,0.0,0.0,00002685
[0. 0. 1. 0. 0. 0. 0.],[1. 0. 0.],[0. 0. 0. 1. 0. 0. 0. 0. 0. 0. 0.],0.264,1.0,0.0,0.0,00002695
[0. 0. 1. 0. 0. 0. 0.],[1. 0. 0.],[0. 0. 0. 1. 0. 0. 0. 0. 0. 0. 0.],0.267,1.0,0.0,0.0,00002705
[0. 0. 1. 0. 0. 0. 0.],[1. 0. 0.],[0. 0. 0. 1. 0. 0. 0. 0. 0. 0. 0.],0.266,1.0,0.0,0.0,00002715
[0. 0. 1. 0. 0. 0. 0.],[1. 0. 0.],[0. 0. 0. 1. 0. 0. 0. 0. 0. 0. 0.],0.267,1.0,0.0,0.0,00002726
[0. 0. 1. 0. 0. 0. 0.],[1. 0. 0.],[0. 0. 0. 1. 0. 0. 0. 0. 0. 0. 0.],0.298,1.0,0.0,0.0,00002736
[0. 0. 1. 0. 0. 0. 0.],[1. 0. 0.],[0. 0. 0. 1. 0. 0. 0. 0. 0. 0. 0.],0.323,0.0,0.0,0.0,00002745
[0. 0. 1. 0. 0. 0. 0.],[1. 0. 0.],[0. 0. 0. 1. 0. 0. 0. 0. 0. 0. 0.],0.324,0.0,-0.0,0.0,00002755
[0. 0. 1. 0. 0. 0. 0.],[1. 0. 0.],[0. 0. 0. 1. 0. 0. 0. 0. 0. 0. 0.],0.308,0.0,-0.0,0.0,00002765
[0. 0. 1. 0. 0. 0. 0.],[1. 0. 0.],[0. 0. 0. 1. 0. 0. 0. 0. 0. 0. 0.],0.282,1.0,0.0,0.0,00002775
[0. 0. 1. 0. 0. 0. 0.],[1. 0. 0.],[0. 0. 0. 1. 0. 0. 0. 0. 0. 0. 0.],0.275,1.0,0.0,0.0,00002785
[0. 0. 1. 0. 0. 0. 0.],[1. 0. 0.],[0. 0. 0. 1. 0. 0. 0. 0. 0. 0. 0.],0.286,1.0,-0.0,0.0,00002794
[0. 0. 1. 0. 0. 0. 0.],[1. 0. 0.],[0. 0. 0. 1. 0. 0. 0. 0. 0. 0. 0.],0.306,0.0,-0.0,0.0,00002804
[0. 0. 1. 0. 0. 0. 0.],[1. 0. 0.],[0. 0. 0. 1. 0. 0. 0. 0. 0. 0. 0.],0.305,0.0,0.0,0.0,00002813
[0. 0. 1. 0. 0. 0. 0.],[1. 0. 0.],[0. 0. 0. 1. 0. 0. 0. 0. 0. 0. 0.],0.304,0.0,-0.0,0.0,00002823
[0. 0. 1. 0. 0. 0. 0.],[1. 0. 0.],[0. 0. 0. 1. 0. 0. 0. 0. 0. 0. 0.],0.293,0.0,-0.0,0.0,00002833
[0. 0. 1. 0. 0. 0. 0.],[1. 0. 0.],[0. 0. 0. 1. 0. 0. 0. 0. 0. 0. 0.],0.263,1.0,0.0,0.0,00002842
[0. 0. 1. 0. 0. 0. 0.],[1. 0. 0.],[0. 0. 0. 1. 0. 0. 0. 0. 0. 0. 0.],0.258,1.0,-0.0,0.0,00002852
[0. 0. 1. 0. 0. 0. 0.],[1. 0. 0.],[0. 0. 0. 1. 0. 0. 0. 0. 0. 0. 0.],0.272,1.0,-0.0,0.0,00002862
[0. 0. 1. 0. 0. 0. 0.],[1. 0. 0.],[0. 0. 0. 1. 0. 0. 0. 0. 0. 0. 0.],0.287,1.0,-0.0,0.0,00002871
[0. 0. 1. 0. 0. 0. 0.],[1. 0. 0.],[0. 0. 0. 1. 0. 0. 0. 0. 0. 0. 0.],0.31,0.0,-0.0,0.0,00002881
[0. 0. 1. 0. 0. 0. 0.],[1. 0. 0.],[0. 0. 0. 1. 0. 0. 0. 0. 0. 0. 0.],0.313,0.0,0.0,0.0,00002890
[0. 0. 1. 0. 0. 0. 0.],[1. 0. 0.],[0. 0. 0. 1. 0. 0. 0. 0. 0. 0. 0.],0.298,0.0,0.0,0.0,00002899
[0. 0. 1. 0. 0. 0. 0.],[1. 0. 0.],[0. 0. 0. 1. 0. 0. 0. 0. 0. 0. 0.],0.272,1.0,0.0,0.0,00002908
[0. 0. 1. 0. 0. 0. 0.],[1. 0. 0.],[0. 0. 0. 1. 0. 0. 0. 0. 0. 0. 0.],0.266,1.0,-0.0,0.0,00002918
[0. 0. 1. 0. 0. 0. 0.],[1. 0. 0.],[0. 0. 0. 1. 0. 0. 0. 0. 0. 0. 0.],0.268,1.0,-0.0,0.0,00002927
[0. 0. 1. 0. 0. 0. 0.],[1. 0. 0.],[0. 0. 0. 1. 0. 0. 0. 0. 0. 0. 0.],0.267,1.0,0.0,0.0,00002936
[0. 0. 1. 0. 0. 0. 0.],[1. 0. 0.],[0. 0. 0. 1. 0. 0. 0. 0. 0. 0. 0.],0.272,1.0,0.0,0.0,00002946
[0. 0. 1. 0. 0. 0. 0.],[1. 0. 0.],[0. 0. 0. 1. 0. 0. 0. 0. 0. 0. 0.],0.299,1.0,-0.0,0.0,00002955
[0. 0. 1. 0. 0. 0. 0.],[1. 0. 0.],[0. 0. 0. 1. 0. 0. 0. 0. 0. 0. 0.],0.322,0.0,-0.0,0.0,00002964
[0. 0. 1. 0. 0. 0. 0.],[1. 0. 0.],[0. 0. 0. 1. 0. 0. 0. 0. 0. 0. 0.],0.321,0.0,-0.0,0.0,00002973
[0. 0. 1. 0. 0. 0. 0.],[1. 0. 0.],[0. 0. 0. 1. 0. 0. 0. 0. 0. 0. 0.],0.306,0.0,0.0,0.0,00002981
[0. 0. 1. 0. 0. 0. 0.],[1. 0. 0.],[0. 0. 0. 1. 0. 0. 0. 0. 0. 0. 0.],0.286,0.397,0.0,0.0,00002989
[0. 0. 1. 0. 0. 0. 0.],[0. 1. 0.],[0. 0. 0. 1. 0. 0. 0. 0. 0. 0. 0.],0.267,0.0,0.0,1.0,00002998
[0. 0. 1. 0. 0. 0. 0.],[0. 1. 0.],[0. 0. 0. 1. 0. 0. 0. 0. 0. 0. 0.],0.209,0.0,0.0,1.0,00003006
[0. 0. 1. 0. 0. 0. 0.],[0. 1. 0.],[0. 0. 0. 1. 0. 0. 0. 0. 0. 0. 0.],0.127,0.0,0.0,1.0,00003015
[0. 0. 1. 0. 0. 0. 0.],[0. 1. 0.],[0. 0. 0. 1. 0. 0. 0. 0. 0. 0. 0.],0.038,0.0,0.0,1.0,00003024
[0. 0. 1. 0. 0. 0. 0.],[0. 1. 0.],[0. 0. 0. 1. 0. 0. 0. 0. 0. 0. 0.],0.0,0.0,0.0,1.0,00003033
[0. 0. 1. 0. 0. 0. 0.],[0. 1. 0.],[0. 0. 0. 1. 0. 0. 0. 0. 0. 0. 0.],0.0,0.0,0.0,1.0,00003041
[0. 0. 1. 0. 0. 0. 0.],[0. 1. 0.],[0. 0. 0. 1. 0. 0. 0. 0. 0. 0. 0.],0.0,0.0,0.0,1.0,00003050
[0. 0. 1. 0. 0. 0. 0.],[0. 1. 0.],[0. 0. 0. 1. 0. 0. 0. 0. 0. 0. 0.],0.0,0.0,0.0,1.0,00003059
[0. 0. 1. 0. 0. 0. 0.],[0. 1. 0.],[0. 0. 0. 1. 0. 0. 0. 0. 0. 0. 0.],0.0,0.0,0.0,1.0,00003069
[0. 0. 1. 0. 0. 0. 0.],[0. 1. 0.],[0. 0. 0. 1. 0. 0. 0. 0. 0. 0. 0.],0.0,0.0,0.0,1.0,00003078
[0. 0. 1. 0. 0. 0. 0.],[0. 1. 0.],[0. 0. 0. 1. 0. 0. 0. 0. 0. 0. 0.],0.0,0.0,0.0,1.0,00003089
[0. 0. 1. 0. 0. 0. 0.],[0. 1. 0.],[0. 0. 0. 1. 0. 0. 0. 0. 0. 0. 0.],0.0,0.0,0.0,1.0,00003099
[0. 0. 1. 0. 0. 0. 0.],[0. 1. 0.],[0. 0. 0. 1. 0. 0. 0. 0. 0. 0. 0.],0.0,0.0,0.0,1.0,00003109
[0. 0. 1. 0. 0. 0. 0.],[0. 1. 0.],[0. 0. 0. 1. 0. 0. 0. 0. 0. 0. 0.],0.0,0.0,0.0,1.0,00003120
[0. 0. 1. 0. 0. 0. 0.],[0. 1. 0.],[0. 0. 0. 1. 0. 0. 0. 0. 0. 0. 0.],0.0,0.0,0.0,1.0,00003130
[0. 0. 1. 0. 0. 0. 0.],[0. 1. 0.],[0. 0. 0. 1. 0. 0. 0. 0. 0. 0. 0.],0.0,0.0,0.0,1.0,00003140
[0. 0. 1. 0. 0. 0. 0.],[0. 1. 0.],[0. 0. 0. 1. 0. 0. 0. 0. 0. 0. 0.],0.0,0.0,0.0,1.0,00003151
[0. 0. 1. 0. 0. 0. 0.],[0. 1. 0.],[0. 0. 0. 1. 0. 0. 0. 0. 0. 0. 0.],0.0,0.0,0.0,1.0,00003161
[0. 0. 1. 0. 0. 0. 0.],[0. 1. 0.],[0. 0. 0. 1. 0. 0. 0. 0. 0. 0. 0.],0.0,0.0,0.0,1.0,00003171
[0. 0. 1. 0. 0. 0. 0.],[0. 1. 0.],[0. 0. 0. 1. 0. 0. 0. 0. 0. 0. 0.],0.0,0.0,0.0,1.0,00003182
[0. 0. 1. 0. 0. 0. 0.],[0. 1. 0.],[0. 0. 0. 1. 0. 0. 0. 0. 0. 0. 0.],0.0,0.0,0.0,1.0,00003192
[0. 0. 1. 0. 0. 0. 0.],[0. 1. 0.],[0. 0. 0. 1. 0. 0. 0. 0. 0. 0. 0.],0.0,0.0,0.0,1.0,00003202
[0. 0. 1. 0. 0. 0. 0.],[0. 1. 0.],[0. 0. 0. 1. 0. 0. 0. 0. 0. 0. 0.],0.0,0.0,0.0,1.0,00003212
[0. 0. 1. 0. 0. 0. 0.],[0. 1. 0.],[0. 0. 0. 1. 0. 0. 0. 0. 0. 0. 0.],0.0,0.0,0.0,1.0,00003222
[0. 0. 1. 0. 0. 0. 0.],[0. 1. 0.],[0. 0. 0. 1. 0. 0. 0. 0. 0. 0. 0.],0.0,0.0,0.0,1.0,00003233
[0. 0. 1. 0. 0. 0. 0.],[0. 1. 0.],[0. 0. 0. 1. 0. 0. 0. 0. 0. 0. 0.],0.0,0.0,0.0,1.0,00003243
[0. 0. 1. 0. 0. 0. 0.],[0. 1. 0.],[0. 0. 0. 1. 0. 0. 0. 0. 0. 0. 0.],0.0,0.0,0.0,1.0,00003253
[0. 0. 1. 0. 0. 0. 0.],[0. 1. 0.],[0. 0. 0. 1. 0. 0. 0. 0. 0. 0. 0.],0.0,0.0,0.0,1.0,00003263
[0. 0. 1. 0. 0. 0. 0.],[0. 1. 0.],[0. 0. 0. 1. 0. 0. 0. 0. 0. 0. 0.],0.0,0.0,0.0,1.0,00003274
[0. 0. 1. 0. 0. 0. 0.],[0. 1. 0.],[0. 0. 0. 1. 0. 0. 0. 0. 0. 0. 0.],0.0,0.0,0.0,1.0,00003284
[0. 0. 1. 0. 0. 0. 0.],[0. 1. 0.],[0. 0. 0. 1. 0. 0. 0. 0. 0. 0. 0.],0.0,0.0,0.0,1.0,00003295
[0. 0. 1. 0. 0. 0. 0.],[0. 1. 0.],[0. 0. 0. 1. 0. 0. 0. 0. 0. 0. 0.],0.0,0.0,0.0,1.0,00003305
[0. 0. 1. 0. 0. 0. 0.],[0. 1. 0.],[0. 0. 0. 1. 0. 0. 0. 0. 0. 0. 0.],0.0,0.0,0.0,1.0,00003315
[0. 0. 1. 0. 0. 0. 0.],[0. 1. 0.],[0. 0. 0. 1. 0. 0. 0. 0. 0. 0. 0.],0.0,0.0,0.0,1.0,00003326
[0. 0. 1. 0. 0. 0. 0.],[0. 1. 0.],[0. 0. 0. 1. 0. 0. 0. 0. 0. 0. 0.],0.0,0.0,0.0,1.0,00003336
[0. 0. 1. 0. 0. 0. 0.],[0. 1. 0.],[0. 0. 0. 1. 0. 0. 0. 0. 0. 0. 0.],0.0,0.0,0.0,1.0,00003346
[0. 0. 1. 0. 0. 0. 0.],[0. 1. 0.],[0. 0. 0. 1. 0. 0. 0. 0. 0. 0. 0.],0.0,0.0,0.0,1.0,00003356
[0. 0. 1. 0. 0. 0. 0.],[0. 1. 0.],[0. 0. 0. 1. 0. 0. 0. 0. 0. 0. 0.],0.0,0.0,0.0,1.0,00003367
[0. 0. 1. 0. 0. 0. 0.],[0. 1. 0.],[0. 0. 0. 1. 0. 0. 0. 0. 0. 0. 0.],0.0,0.0,0.0,1.0,00003377
[0. 0. 1. 0. 0. 0. 0.],[0. 1. 0.],[0. 0. 0. 1. 0. 0. 0. 0. 0. 0. 0.],0.0,0.0,0.0,1.0,00003387
[0. 0. 1. 0. 0. 0. 0.],[0. 1. 0.],[0. 0. 0. 1. 0. 0. 0. 0. 0. 0. 0.],0.0,0.0,0.0,1.0,00003398
[0. 0. 1. 0. 0. 0. 0.],[0. 1. 0.],[0. 0. 0. 1. 0. 0. 0. 0. 0. 0. 0.],0.0,0.0,0.0,1.0,00003408
[0. 0. 1. 0. 0. 0. 0.],[0. 1. 0.],[0. 0. 0. 1. 0. 0. 0. 0. 0. 0. 0.],0.0,0.0,0.0,1.0,00003419
[0. 0. 1. 0. 0. 0. 0.],[0. 1. 0.],[0. 0. 0. 1. 0. 0. 0. 0. 0. 0. 0.],0.0,0.0,0.0,1.0,00003429
[0. 0. 1. 0. 0. 0. 0.],[0. 1. 0.],[0. 0. 0. 1. 0. 0. 0. 0. 0. 0. 0.],0.0,0.0,0.0,1.0,00003440
[0. 0. 1. 0. 0. 0. 0.],[0. 1. 0.],[0. 0. 0. 1. 0. 0. 0. 0. 0. 0. 0.],0.0,0.0,0.0,1.0,00003450
[0. 0. 1. 0. 0. 0. 0.],[0. 1. 0.],[0. 0. 0. 1. 0. 0. 0. 0. 0. 0. 0.],0.0,0.0,0.0,1.0,00003460
[0. 0. 1. 0. 0. 0. 0.],[0. 1. 0.],[0. 0. 0. 1. 0. 0. 0. 0. 0. 0. 0.],0.0,0.0,0.0,1.0,00003470
[0. 0. 1. 0. 0. 0. 0.],[0. 1. 0.],[0. 0. 0. 1. 0. 0. 0. 0. 0. 0. 0.],0.0,0.0,0.0,1.0,00003480
[0. 0. 1. 0. 0. 0. 0.],[0. 1. 0.],[0. 0. 0. 1. 0. 0. 0. 0. 0. 0. 0.],0.0,0.0,0.0,1.0,00003490
[0. 0. 1. 0. 0. 0. 0.],[0. 1. 0.],[0. 0. 0. 1. 0. 0. 0. 0. 0. 0. 0.],0.0,0.0,0.0,1.0,00003500
[0. 0. 1. 0. 0. 0. 0.],[0. 1. 0.],[0. 0. 0. 1. 0. 0. 0. 0. 0. 0. 0.],0.0,0.0,0.0,1.0,00003511
[0. 0. 1. 0. 0. 0. 0.],[0. 1. 0.],[0. 0. 0. 1. 0. 0. 0. 0. 0. 0. 0.],0.0,0.0,0.0,1.0,00003521
[0. 0. 1. 0. 0. 0. 0.],[0. 1. 0.],[0. 0. 0. 1. 0. 0. 0. 0. 0. 0. 0.],0.0,0.0,0.0,1.0,00003531
[0. 0. 1. 0. 0. 0. 0.],[0. 1. 0.],[0. 0. 0. 1. 0. 0. 0. 0. 0. 0. 0.],0.0,0.0,0.0,1.0,00003541
[0. 0. 1. 0. 0. 0. 0.],[0. 1. 0.],[0. 0. 0. 1. 0. 0. 0. 0. 0. 0. 0.],0.0,0.0,0.0,1.0,00003551
[0. 0. 1. 0. 0. 0. 0.],[0. 1. 0.],[0. 0. 0. 1. 0. 0. 0. 0. 0. 0. 0.],0.0,0.0,0.0,1.0,00003562
[0. 0. 1. 0. 0. 0. 0.],[0. 1. 0.],[0. 0. 0. 1. 0. 0. 0. 0. 0. 0. 0.],0.0,0.0,0.0,1.0,00003572
[0. 0. 1. 0. 0. 0. 0.],[0. 1. 0.],[0. 0. 0. 1. 0. 0. 0. 0. 0. 0. 0.],0.0,0.0,0.0,1.0,00003582
[0. 0. 1. 0. 0. 0. 0.],[0. 1. 0.],[0. 0. 0. 1. 0. 0. 0. 0. 0. 0. 0.],0.0,0.0,0.0,1.0,00003593
[0. 0. 1. 0. 0. 0. 0.],[0. 1. 0.],[0. 0. 0. 1. 0. 0. 0. 0. 0. 0. 0.],0.0,0.0,0.0,1.0,00003603
[0. 0. 1. 0. 0. 0. 0.],[0. 1. 0.],[0. 0. 0. 1. 0. 0. 0. 0. 0. 0. 0.],0.0,0.0,0.0,1.0,00003614
[0. 0. 1. 0. 0. 0. 0.],[0. 1. 0.],[0. 0. 0. 1. 0. 0. 0. 0. 0. 0. 0.],0.0,0.0,0.0,1.0,00003624
[0. 0. 1. 0. 0. 0. 0.],[0. 1. 0.],[0. 0. 0. 1. 0. 0. 0. 0. 0. 0. 0.],0.0,0.0,0.0,1.0,00003634
[0. 0. 1. 0. 0. 0. 0.],[0. 1. 0.],[0. 0. 0. 1. 0. 0. 0. 0. 0. 0. 0.],0.0,0.0,0.0,1.0,00003644
[0. 0. 1. 0. 0. 0. 0.],[0. 1. 0.],[0. 0. 0. 1. 0. 0. 0. 0. 0. 0. 0.],0.0,0.0,0.0,1.0,00003654
[0. 0. 1. 0. 0. 0. 0.],[0. 1. 0.],[0. 0. 0. 1. 0. 0. 0. 0. 0. 0. 0.],0.0,0.0,0.0,1.0,00003665
[0. 0. 1. 0. 0. 0. 0.],[0. 1. 0.],[0. 0. 0. 1. 0. 0. 0. 0. 0. 0. 0.],0.0,0.0,0.0,1.0,00003675
[0. 0. 1. 0. 0. 0. 0.],[0. 1. 0.],[0. 0. 0. 1. 0. 0. 0. 0. 0. 0. 0.],0.0,0.0,0.0,1.0,00003685
[0. 0. 1. 0. 0. 0. 0.],[0. 1. 0.],[0. 0. 0. 1. 0. 0. 0. 0. 0. 0. 0.],0.0,0.0,0.0,1.0,00003695
[0. 0. 1. 0. 0. 0. 0.],[0. 1. 0.],[0. 0. 0. 1. 0. 0. 0. 0. 0. 0. 0.],0.0,0.0,0.0,1.0,00003706
[0. 0. 1. 0. 0. 0. 0.],[0. 1. 0.],[0. 0. 0. 1. 0. 0. 0. 0. 0. 0. 0.],0.0,0.0,0.0,1.0,00003716
[0. 0. 1. 0. 0. 0. 0.],[0. 1. 0.],[0. 0. 0. 1. 0. 0. 0. 0. 0. 0. 0.],0.0,0.0,0.0,1.0,00003726
[0. 0. 1. 0. 0. 0. 0.],[0. 1. 0.],[0. 0. 0. 1. 0. 0. 0. 0. 0. 0. 0.],0.0,0.0,0.0,1.0,00003736
[0. 0. 1. 0. 0. 0. 0.],[0. 1. 0.],[0. 0. 0. 1. 0. 0. 0. 0. 0. 0. 0.],0.0,0.0,0.0,1.0,00003747
[0. 0. 1. 0. 0. 0. 0.],[0. 1. 0.],[0. 0. 0. 1. 0. 0. 0. 0. 0. 0. 0.],0.0,0.0,0.0,1.0,00003757
[0. 0. 1. 0. 0. 0. 0.],[0. 1. 0.],[0. 0. 0. 1. 0. 0. 0. 0. 0. 0. 0.],0.0,0.0,0.0,1.0,00003768
[0. 0. 1. 0. 0. 0. 0.],[0. 1. 0.],[0. 0. 0. 1. 0. 0. 0. 0. 0. 0. 0.],0.0,0.0,0.0,1.0,00003778
[0. 0. 1. 0. 0. 0. 0.],[0. 1. 0.],[0. 0. 0. 1. 0. 0. 0. 0. 0. 0. 0.],0.0,0.0,0.0,1.0,00003788
[0. 0. 1. 0. 0. 0. 0.],[0. 1. 0.],[0. 0. 0. 1. 0. 0. 0. 0. 0. 0. 0.],0.0,0.0,0.0,1.0,00003799
[0. 0. 1. 0. 0. 0. 0.],[0. 1. 0.],[0. 0. 0. 1. 0. 0. 0. 0. 0. 0. 0.],0.0,0.0,0.0,1.0,00003809
[0. 0. 1. 0. 0. 0. 0.],[0. 1. 0.],[0. 0. 0. 1. 0. 0. 0. 0. 0. 0. 0.],0.0,0.0,0.0,1.0,00003819
[0. 0. 1. 0. 0. 0. 0.],[0. 1. 0.],[0. 0. 0. 1. 0. 0. 0. 0. 0. 0. 0.],0.0,0.0,0.0,1.0,00003830
[0. 0. 1. 0. 0. 0. 0.],[0. 1. 0.],[0. 0. 0. 1. 0. 0. 0. 0. 0. 0. 0.],0.0,0.0,0.0,1.0,00003840
[0. 0. 1. 0. 0. 0. 0.],[0. 1. 0.],[0. 0. 0. 1. 0. 0. 0. 0. 0. 0. 0.],0.0,0.0,0.0,1.0,00003850
[0. 0. 1. 0. 0. 0. 0.],[0. 1. 0.],[0. 0. 0. 1. 0. 0. 0. 0. 0. 0. 0.],0.0,0.0,0.0,1.0,00003860
[0. 0. 1. 0. 0. 0. 0.],[0. 1. 0.],[0. 0. 0. 1. 0. 0. 0. 0. 0. 0. 0.],0.0,0.0,0.0,1.0,00003870
[0. 0. 1. 0. 0. 0. 0.],[0. 1. 0.],[0. 0. 0. 1. 0. 0. 0. 0. 0. 0. 0.],0.0,0.0,0.0,1.0,00003881
[0. 0. 1. 0. 0. 0. 0.],[0. 1. 0.],[0. 0. 0. 1. 0. 0. 0. 0. 0. 0. 0.],0.0,0.0,0.0,1.0,00003891
[0. 0. 1. 0. 0. 0. 0.],[0. 1. 0.],[0. 0. 0. 1. 0. 0. 0. 0. 0. 0. 0.],0.0,0.0,0.0,1.0,00003901
[0. 0. 1. 0. 0. 0. 0.],[0. 1. 0.],[0. 0. 0. 1. 0. 0. 0. 0. 0. 0. 0.],0.0,0.0,0.0,1.0,00003912
[0. 0. 1. 0. 0. 0. 0.],[0. 1. 0.],[0. 0. 0. 1. 0. 0. 0. 0. 0. 0. 0.],0.0,0.0,0.0,1.0,00003922
[0. 0. 1. 0. 0. 0. 0.],[0. 1. 0.],[0. 0. 0. 1. 0. 0. 0. 0. 0. 0. 0.],0.0,0.0,0.0,1.0,00003932
[0. 0. 1. 0. 0. 0. 0.],[0. 1. 0.],[0. 0. 0. 1. 0. 0. 0. 0. 0. 0. 0.],0.0,0.0,0.0,1.0,00003942
[0. 0. 1. 0. 0. 0. 0.],[0. 1. 0.],[0. 0. 0. 1. 0. 0. 0. 0. 0. 0. 0.],0.0,0.0,0.0,1.0,00003953
[0. 0. 1. 0. 0. 0. 0.],[0. 1. 0.],[0. 0. 0. 1. 0. 0. 0. 0. 0. 0. 0.],0.0,0.0,0.0,1.0,00003963
[0. 0. 1. 0. 0. 0. 0.],[0. 1. 0.],[0. 0. 0. 1. 0. 0. 0. 0. 0. 0. 0.],0.0,0.0,0.0,1.0,00003973
[0. 0. 1. 0. 0. 0. 0.],[0. 1. 0.],[0. 0. 0. 1. 0. 0. 0. 0. 0. 0. 0.],0.0,0.0,0.0,1.0,00003984
[0. 0. 1. 0. 0. 0. 0.],[0. 1. 0.],[0. 0. 0. 1. 0. 0. 0. 0. 0. 0. 0.],0.0,0.0,0.0,1.0,00003994
[0. 0. 1. 0. 0. 0. 0.],[0. 1. 0.],[0. 0. 0. 1. 0. 0. 0. 0. 0. 0. 0.],0.0,0.0,0.0,1.0,00004005
[0. 0. 1. 0. 0. 0. 0.],[0. 1. 0.],[0. 0. 0. 1. 0. 0. 0. 0. 0. 0. 0.],0.0,0.0,0.0,1.0,00004015
[0. 0. 1. 0. 0. 0. 0.],[0. 1. 0.],[0. 0. 0. 1. 0. 0. 0. 0. 0. 0. 0.],0.0,0.0,0.0,1.0,00004025
[0. 0. 1. 0. 0. 0. 0.],[0. 1. 0.],[0. 0. 0. 1. 0. 0. 0. 0. 0. 0. 0.],0.0,0.0,0.0,1.0,00004036
[0. 0. 1. 0. 0. 0. 0.],[0. 1. 0.],[0. 0. 0. 1. 0. 0. 0. 0. 0. 0. 0.],0.0,0.0,0.0,1.0,00004046
[0. 0. 1. 0. 0. 0. 0.],[0. 1. 0.],[0. 0. 0. 1. 0. 0. 0. 0. 0. 0. 0.],0.0,0.0,0.0,1.0,00004056
[0. 0. 1. 0. 0. 0. 0.],[0. 1. 0.],[0. 0. 0. 1. 0. 0. 0. 0. 0. 0. 0.],0.0,0.0,0.0,1.0,00004066
[0. 0. 1. 0. 0. 0. 0.],[0. 1. 0.],[0. 0. 0. 1. 0. 0. 0. 0. 0. 0. 0.],0.0,0.0,0.0,1.0,00004076
[0. 0. 1. 0. 0. 0. 0.],[0. 1. 0.],[0. 0. 0. 1. 0. 0. 0. 0. 0. 0. 0.],0.0,0.0,0.0,1.0,00004086
[0. 0. 1. 0. 0. 0. 0.],[0. 1. 0.],[0. 0. 0. 1. 0. 0. 0. 0. 0. 0. 0.],0.0,0.0,0.0,1.0,00004096
[0. 0. 1. 0. 0. 0. 0.],[0. 1. 0.],[0. 0. 0. 1. 0. 0. 0. 0. 0. 0. 0.],0.0,0.0,0.0,1.0,00004106
[0. 0. 1. 0. 0. 0. 0.],[0. 1. 0.],[0. 0. 0. 1. 0. 0. 0. 0. 0. 0. 0.],0.0,0.0,0.0,1.0,00004117
[0. 0. 1. 0. 0. 0. 0.],[0. 1. 0.],[0. 0. 0. 1. 0. 0. 0. 0. 0. 0. 0.],0.0,0.0,0.0,1.0,00004127
[0. 0. 1. 0. 0. 0. 0.],[0. 1. 0.],[0. 0. 0. 1. 0. 0. 0. 0. 0. 0. 0.],0.0,0.0,0.0,1.0,00004137
[0. 0. 1. 0. 0. 0. 0.],[0. 1. 0.],[0. 0. 0. 1. 0. 0. 0. 0. 0. 0. 0.],0.0,0.0,0.0,1.0,00004147
[0. 0. 1. 0. 0. 0. 0.],[0. 1. 0.],[0. 0. 0. 1. 0. 0. 0. 0. 0. 0. 0.],0.0,0.0,0.0,1.0,00004158
[0. 0. 1. 0. 0. 0. 0.],[0. 1. 0.],[0. 0. 0. 1. 0. 0. 0. 0. 0. 0. 0.],0.0,0.0,0.0,1.0,00004168
[0. 0. 1. 0. 0. 0. 0.],[0. 1. 0.],[0. 0. 0. 1. 0. 0. 0. 0. 0. 0. 0.],0.0,0.0,0.0,1.0,00004178
[0. 0. 1. 0. 0. 0. 0.],[0. 1. 0.],[0. 0. 0. 1. 0. 0. 0. 0. 0. 0. 0.],0.0,0.0,0.0,1.0,00004188
[0. 0. 1. 0. 0. 0. 0.],[0. 1. 0.],[0. 0. 0. 1. 0. 0. 0. 0. 0. 0. 0.],0.0,0.0,0.0,1.0,00004198
[0. 0. 1. 0. 0. 0. 0.],[0. 1. 0.],[0. 0. 0. 1. 0. 0. 0. 0. 0. 0. 0.],0.0,0.0,0.0,1.0,00004209
[0. 0. 1. 0. 0. 0. 0.],[0. 1. 0.],[0. 0. 0. 1. 0. 0. 0. 0. 0. 0. 0.],0.0,0.0,0.0,1.0,00004219
[0. 0. 1. 0. 0. 0. 0.],[0. 1. 0.],[0. 0. 0. 1. 0. 0. 0. 0. 0. 0. 0.],0.0,0.0,0.0,1.0,00004229
[0. 0. 1. 0. 0. 0. 0.],[0. 1. 0.],[0. 0. 0. 1. 0. 0. 0. 0. 0. 0. 0.],0.0,0.0,0.0,1.0,00004239
[0. 0. 1. 0. 0. 0. 0.],[0. 1. 0.],[0. 0. 0. 1. 0. 0. 0. 0. 0. 0. 0.],0.0,0.0,0.0,1.0,00004249
[0. 0. 1. 0. 0. 0. 0.],[0. 1. 0.],[0. 0. 0. 1. 0. 0. 0. 0. 0. 0. 0.],0.0,0.0,0.0,1.0,00004259
[0. 0. 1. 0. 0. 0. 0.],[0. 1. 0.],[0. 0. 0. 1. 0. 0. 0. 0. 0. 0. 0.],0.0,0.0,0.0,1.0,00004270
[0. 0. 1. 0. 0. 0. 0.],[0. 1. 0.],[0. 0. 0. 1. 0. 0. 0. 0. 0. 0. 0.],0.0,0.0,0.0,1.0,00004280
[0. 0. 0. 0. 0. 1. 0.],[1. 0. 0.],[0. 0. 0. 1. 0. 0. 0. 0. 0. 0. 0.],0.002,1.0,-0.001,0.0,00004290
[0. 0. 0. 0. 0. 1. 0.],[1. 0. 0.],[0. 0. 0. 1. 0. 0. 0. 0. 0. 0. 0.],0.021,1.0,-0.001,0.0,00004299
[0. 0. 0. 0. 0. 1. 0.],[1. 0. 0.],[0. 0. 0. 1. 0. 0. 0. 0. 0. 0. 0.],0.052,1.0,-0.001,0.0,00004308
[0. 0. 0. 0. 0. 1. 0.],[1. 0. 0.],[0. 0. 0. 1. 0. 0. 0. 0. 0. 0. 0.],0.088,1.0,-0.001,0.0,00004317
[0. 0. 0. 0. 0. 1. 0.],[1. 0. 0.],[0. 0. 0. 1. 0. 0. 0. 0. 0. 0. 0.],0.118,1.0,-0.0,0.0,00004326
[0. 0. 0. 0. 0. 1. 0.],[1. 0. 0.],[0. 0. 0. 1. 0. 0. 0. 0. 0. 0. 0.],0.15,1.0,-0.0,0.0,00004336
[0. 0. 0. 0. 0. 1. 0.],[1. 0. 0.],[0. 0. 0. 1. 0. 0. 0. 0. 0. 0. 0.],0.184,1.0,0.001,0.0,00004345
[0. 0. 0. 0. 0. 1. 0.],[1. 0. 0.],[0. 0. 0. 1. 0. 0. 0. 0. 0. 0. 0.],0.194,1.0,-0.001,0.0,00004354
[0. 0. 0. 0. 0. 1. 0.],[1. 0. 0.],[0. 0. 0. 1. 0. 0. 0. 0. 0. 0. 0.],0.193,1.0,-0.0,0.0,00004362
[0. 0. 0. 0. 0. 1. 0.],[1. 0. 0.],[0. 0. 0. 1. 0. 0. 0. 0. 0. 0. 0.],0.193,1.0,-0.0,0.0,00004372
[0. 0. 0. 0. 0. 1. 0.],[1. 0. 0.],[0. 0. 0. 1. 0. 0. 0. 0. 0. 0. 0.],0.23,1.0,-0.0,0.0,00004380
[0. 0. 0. 0. 0. 1. 0.],[1. 0. 0.],[0. 0. 0. 1. 0. 0. 0. 0. 0. 0. 0.],0.267,1.0,-0.0,0.0,00004389
[0. 0. 0. 0. 0. 1. 0.],[1. 0. 0.],[0. 0. 0. 1. 0. 0. 0. 0. 0. 0. 0.],0.3,1.0,-0.0,0.0,00004398
[0. 0. 0. 0. 0. 1. 0.],[1. 0. 0.],[0. 0. 0. 1. 0. 0. 0. 0. 0. 0. 0.],0.325,0.0,-0.0,0.0,00004407
[0. 0. 0. 0. 0. 1. 0.],[1. 0. 0.],[0. 0. 0. 1. 0. 0. 0. 0. 0. 0. 0.],0.33,0.0,-0.0,0.0,00004417
[0. 0. 0. 0. 0. 1. 0.],[1. 0. 0.],[0. 0. 0. 1. 0. 0. 0. 0. 0. 0. 0.],0.314,0.0,0.0,0.0,00004425
[0. 0. 0. 0. 0. 1. 0.],[1. 0. 0.],[0. 0. 0. 1. 0. 0. 0. 0. 0. 0. 0.],0.297,0.0,-0.0,0.0,00004434
[0. 0. 0. 0. 0. 1. 0.],[1. 0. 0.],[0. 0. 0. 1. 0. 0. 0. 0. 0. 0. 0.],0.278,1.0,-0.0,0.0,00004444
[0. 0. 0. 0. 0. 1. 0.],[1. 0. 0.],[0. 0. 0. 1. 0. 0. 0. 0. 0. 0. 0.],0.276,1.0,0.0,0.0,00004453
[0. 0. 0. 0. 0. 1. 0.],[1. 0. 0.],[0. 0. 0. 1. 0. 0. 0. 0. 0. 0. 0.],0.276,1.0,-0.0,0.0,00004463
[0. 0. 0. 0. 0. 1. 0.],[1. 0. 0.],[0. 0. 0. 1. 0. 0. 0. 0. 0. 0. 0.],0.246,1.0,0.0,0.0,00004472
[0. 0. 1. 0. 0. 0. 0.],[1. 0. 0.],[0. 0. 0. 1. 0. 0. 0. 0. 0. 0. 0.],0.237,1.0,0.0,0.0,00004482
[0. 0. 1. 0. 0. 0. 0.],[1. 0. 0.],[0. 0. 0. 1. 0. 0. 0. 0. 0. 0. 0.],0.248,1.0,0.0,0.0,00004491
[0. 0. 1. 0. 0. 0. 0.],[1. 0. 0.],[0. 0. 0. 1. 0. 0. 0. 0. 0. 0. 0.],0.263,1.0,-0.0,0.0,00004500
[0. 0. 1. 0. 0. 0. 0.],[1. 0. 0.],[0. 0. 0. 1. 0. 0. 0. 0. 0. 0. 0.],0.288,1.0,-0.0,0.0,00004509
[0. 0. 1. 0. 0. 0. 0.],[1. 0. 0.],[0. 0. 0. 1. 0. 0. 0. 0. 0. 0. 0.],0.308,0.226,-0.0,0.0,00004518
[0. 0. 1. 0. 0. 0. 0.],[1. 0. 0.],[0. 0. 0. 1. 0. 0. 0. 0. 0. 0. 0.],0.316,0.0,-0.0,0.0,00004527
[0. 0. 1. 0. 0. 0. 0.],[1. 0. 0.],[0. 0. 0. 1. 0. 0. 0. 0. 0. 0. 0.],0.292,0.111,0.0,0.0,00004537
[0. 0. 1. 0. 0. 0. 0.],[1. 0. 0.],[0. 0. 0. 1. 0. 0. 0. 0. 0. 0. 0.],0.274,1.0,-0.001,0.0,00004546
[0. 0. 1. 0. 0. 0. 0.],[1. 0. 0.],[0. 0. 0. 1. 0. 0. 0. 0. 0. 0. 0.],0.264,1.0,0.001,0.0,00004555
[0. 0. 1. 0. 0. 0. 0.],[1. 0. 0.],[0. 0. 0. 1. 0. 0. 0. 0. 0. 0. 0.],0.267,1.0,-0.002,0.0,00004564
[0. 0. 1. 0. 0. 0. 0.],[1. 0. 0.],[0. 0. 0. 1. 0. 0. 0. 0. 0. 0. 0.],0.266,1.0,0.001,0.0,00004573
[0. 0. 1. 0. 0. 0. 0.],[1. 0. 0.],[0. 0. 0. 1. 0. 0. 0. 0. 0. 0. 0.],0.265,1.0,-0.0,0.0,00004583
[0. 0. 1. 0. 0. 0. 0.],[1. 0. 0.],[0. 0. 0. 1. 0. 0. 0. 0. 0. 0. 0.],0.295,1.0,-0.0,0.0,00004593
[0. 0. 1. 0. 0. 0. 0.],[1. 0. 0.],[0. 0. 0. 1. 0. 0. 0. 0. 0. 0. 0.],0.316,0.0,0.0,0.0,00004602
[0. 0. 1. 0. 0. 0. 0.],[1. 0. 0.],[0. 0. 0. 1. 0. 0. 0. 0. 0. 0. 0.],0.321,0.0,-0.0,0.0,00004612
[0. 0. 1. 0. 0. 0. 0.],[1. 0. 0.],[0. 0. 0. 1. 0. 0. 0. 0. 0. 0. 0.],0.308,0.0,-0.0,0.0,00004622
[0. 0. 1. 0. 0. 0. 0.],[1. 0. 0.],[0. 0. 0. 1. 0. 0. 0. 0. 0. 0. 0.],0.284,0.708,0.0,0.0,00004631
[0. 0. 1. 0. 0. 0. 0.],[1. 0. 0.],[0. 0. 0. 1. 0. 0. 0. 0. 0. 0. 0.],0.278,1.0,0.0,0.0,00004641
[0. 0. 1. 0. 0. 0. 0.],[1. 0. 0.],[0. 0. 0. 1. 0. 0. 0. 0. 0. 0. 0.],0.294,1.0,-0.0,0.0,00004651
[0. 0. 1. 0. 0. 0. 0.],[1. 0. 0.],[0. 0. 0. 1. 0. 0. 0. 0. 0. 0. 0.],0.307,0.0,0.0,0.0,00004660
[0. 0. 1. 0. 0. 0. 0.],[1. 0. 0.],[0. 0. 0. 1. 0. 0. 0. 0. 0. 0. 0.],0.306,0.0,0.0,0.0,00004670
[0. 0. 1. 0. 0. 0. 0.],[1. 0. 0.],[0. 0. 0. 1. 0. 0. 0. 0. 0. 0. 0.],0.305,0.0,0.0,0.0,00004680
[0. 0. 0. 0. 1. 0. 0.],[1. 0. 0.],[0. 0. 0. 1. 0. 0. 0. 0. 0. 0. 0.],0.274,1.0,0.0,0.0,00004690
[0. 0. 0. 0. 1. 0. 0.],[1. 0. 0.],[0. 0. 0. 1. 0. 0. 0. 0. 0. 0. 0.],0.254,1.0,0.0,0.0,00004700
[0. 0. 0. 0. 1. 0. 0.],[1. 0. 0.],[0. 0. 0. 1. 0. 0. 0. 0. 0. 0. 0.],0.255,1.0,-0.0,0.0,00004709
[0. 0. 0. 0. 1. 0. 0.],[1. 0. 0.],[0. 0. 0. 1. 0. 0. 0. 0. 0. 0. 0.],0.269,1.0,-0.005,0.0,00004719
[0. 0. 0. 0. 1. 0. 0.],[1. 0. 0.],[0. 0. 0. 1. 0. 0. 0. 0. 0. 0. 0.],0.286,1.0,-0.001,0.0,00004729
[0. 0. 0. 0. 1. 0. 0.],[1. 0. 0.],[0. 0. 0. 1. 0. 0. 0. 0. 0. 0. 0.],0.306,0.395,-0.002,0.0,00004739
[0. 0. 0. 0. 1. 0. 0.],[1. 0. 0.],[0. 0. 0. 1. 0. 0. 0. 0. 0. 0. 0.],0.312,0.0,0.001,0.0,00004749
[0. 0. 0. 0. 1. 0. 0.],[0. 1. 0.],[0. 0. 0. 1. 0. 0. 0. 0. 0. 0. 0.],0.289,0.0,0.0,1.0,00004759
[0. 0. 0. 0. 1. 0. 0.],[1. 0. 0.],[0. 0. 0. 1. 0. 0. 0. 0. 0. 0. 0.],0.228,1.0,0.0,0.0,00004769
[0. 0. 0. 0. 1. 0. 0.],[1. 0. 0.],[0. 0. 0. 1. 0. 0. 0. 0. 0. 0. 0.],0.212,1.0,0.015,0.0,00004778
[0. 0. 0. 0. 1. 0. 0.],[1. 0. 0.],[0. 0. 0. 1. 0. 0. 0. 0. 0. 0. 0.],0.218,1.0,0.239,0.0,00004788
[0. 0. 0. 0. 1. 0. 0.],[1. 0. 0.],[0. 0. 0. 1. 0. 0. 0. 0. 0. 0. 0.],0.228,1.0,0.048,0.0,00004798
[0. 0. 0. 0. 1. 0. 0.],[1. 0. 0.],[0. 0. 0. 1. 0. 0. 0. 0. 0. 0. 0.],0.22,1.0,0.4,0.0,00004808
[0. 0. 0. 0. 1. 0. 0.],[1. 0. 0.],[0. 0. 0. 1. 0. 0. 0. 0. 0. 0. 0.],0.215,1.0,0.241,0.0,00004818
[0. 0. 0. 0. 1. 0. 0.],[1. 0. 0.],[0. 0. 0. 1. 0. 0. 0. 0. 0. 0. 0.],0.226,1.0,0.394,0.0,00004828
[0. 0. 0. 0. 1. 0. 0.],[1. 0. 0.],[0. 0. 0. 1. 0. 0. 0. 0. 0. 0. 0.],0.256,1.0,0.576,0.0,00004836
[0. 0. 0. 0. 1. 0. 0.],[1. 0. 0.],[0. 0. 0. 1. 0. 0. 0. 0. 0. 0. 0.],0.267,1.0,0.453,0.0,00004845
[0. 0. 1. 0. 0. 0. 0.],[1. 0. 0.],[0. 0. 0. 1. 0. 0. 0. 0. 0. 0. 0.],0.299,1.0,0.746,0.0,00004854
[0. 0. 1. 0. 0. 0. 0.],[1. 0. 0.],[0. 0. 0. 1. 0. 0. 0. 0. 0. 0. 0.],0.317,0.0,0.237,0.0,00004862
[0. 0. 1. 0. 0. 0. 0.],[1. 0. 0.],[0. 0. 0. 1. 0. 0. 0. 0. 0. 0. 0.],0.326,0.0,-0.023,0.0,00004870
[0. 0. 1. 0. 0. 0. 0.],[1. 0. 0.],[0. 0. 0. 1. 0. 0. 0. 0. 0. 0. 0.],0.31,0.0,0.258,0.0,00004878
[0. 0. 1. 0. 0. 0. 0.],[1. 0. 0.],[0. 0. 0. 1. 0. 0. 0. 0. 0. 0. 0.],0.29,0.104,-0.542,0.0,00004886
[0. 0. 1. 0. 0. 0. 0.],[1. 0. 0.],[0. 0. 0. 1. 0. 0. 0. 0. 0. 0. 0.],0.285,1.0,0.15,0.0,00004894
[0. 0. 1. 0. 0. 0. 0.],[1. 0. 0.],[0. 0. 0. 1. 0. 0. 0. 0. 0. 0. 0.],0.282,1.0,-0.042,0.0,00004902
[0. 0. 1. 0. 0. 0. 0.],[1. 0. 0.],[0. 0. 0. 1. 0. 0. 0. 0. 0. 0. 0.],0.258,1.0,0.038,0.0,00004910
[0. 0. 1. 0. 0. 0. 0.],[1. 0. 0.],[0. 0. 0. 1. 0. 0. 0. 0. 0. 0. 0.],0.238,1.0,0.039,0.0,00004919
[0. 0. 1. 0. 0. 0. 0.],[1. 0. 0.],[0. 0. 0. 1. 0. 0. 0. 0. 0. 0. 0.],0.244,1.0,-0.042,0.0,00004927
[0. 0. 1. 0. 0. 0. 0.],[1. 0. 0.],[0. 0. 0. 1. 0. 0. 0. 0. 0. 0. 0.],0.263,1.0,0.014,0.0,00004935
[0. 0. 1. 0. 0. 0. 0.],[1. 0. 0.],[0. 0. 0. 1. 0. 0. 0. 0. 0. 0. 0.],0.28,1.0,-0.062,0.0,00004943
[0. 0. 1. 0. 0. 0. 0.],[1. 0. 0.],[0. 0. 0. 1. 0. 0. 0. 0. 0. 0. 0.],0.301,1.0,-0.007,0.0,00004951
[0. 0. 1. 0. 0. 0. 0.],[1. 0. 0.],[0. 0. 0. 1. 0. 0. 0. 0. 0. 0. 0.],0.316,0.0,-0.046,0.0,00004959
[0. 0. 1. 0. 0. 0. 0.],[1. 0. 0.],[0. 0. 0. 1. 0. 0. 0. 0. 0. 0. 0.],0.308,0.0,0.009,0.0,00004968
[0. 0. 1. 0. 0. 0. 0.],[1. 0. 0.],[0. 0. 0. 1. 0. 0. 0. 0. 0. 0. 0.],0.284,0.485,-0.033,0.0,00004976
[0. 0. 1. 0. 0. 0. 0.],[1. 0. 0.],[0. 0. 0. 1. 0. 0. 0. 0. 0. 0. 0.],0.262,1.0,0.009,0.0,00004984
[0. 0. 1. 0. 0. 0. 0.],[1. 0. 0.],[0. 0. 0. 1. 0. 0. 0. 0. 0. 0. 0.],0.265,1.0,0.002,0.0,00004993
[0. 0. 1. 0. 0. 0. 0.],[1. 0. 0.],[0. 0. 0. 1. 0. 0. 0. 0. 0. 0. 0.],0.265,1.0,-0.011,0.0,00005002
[0. 0. 1. 0. 0. 0. 0.],[1. 0. 0.],[0. 0. 0. 1. 0. 0. 0. 0. 0. 0. 0.],0.264,1.0,-0.004,0.0,00005011
[0. 0. 1. 0. 0. 0. 0.],[1. 0. 0.],[0. 0. 0. 1. 0. 0. 0. 0. 0. 0. 0.],0.274,1.0,-0.006,0.0,00005021
[0. 0. 1. 0. 0. 0. 0.],[1. 0. 0.],[0. 0. 0. 1. 0. 0. 0. 0. 0. 0. 0.],0.302,1.0,-0.001,0.0,00005029
[0. 0. 1. 0. 0. 0. 0.],[1. 0. 0.],[0. 0. 0. 1. 0. 0. 0. 0. 0. 0. 0.],0.325,0.0,-0.007,0.0,00005038
[0. 0. 1. 0. 0. 0. 0.],[1. 0. 0.],[0. 0. 0. 1. 0. 0. 0. 0. 0. 0. 0.],0.318,0.0,-0.001,0.0,00005047
[0. 0. 1. 0. 0. 0. 0.],[1. 0. 0.],[0. 0. 0. 1. 0. 0. 0. 0. 0. 0. 0.],0.301,0.0,-0.005,0.0,00005055
[0. 0. 1. 0. 0. 0. 0.],[1. 0. 0.],[0. 0. 0. 1. 0. 0. 0. 0. 0. 0. 0.],0.277,1.0,-0.002,0.0,00005064
[0. 0. 1. 0. 0. 0. 0.],[1. 0. 0.],[0. 0. 0. 1. 0. 0. 0. 0. 0. 0. 0.],0.28,1.0,0.002,0.0,00005073
[0. 0. 1. 0. 0. 0. 0.],[1. 0. 0.],[0. 0. 0. 1. 0. 0. 0. 0. 0. 0. 0.],0.297,1.0,-0.002,0.0,00005082
[0. 0. 1. 0. 0. 0. 0.],[1. 0. 0.],[0. 0. 0. 1. 0. 0. 0. 0. 0. 0. 0.],0.306,0.0,0.0,0.0,00005091
[0. 0. 1. 0. 0. 0. 0.],[1. 0. 0.],[0. 0. 0. 1. 0. 0. 0. 0. 0. 0. 0.],0.305,0.0,-0.001,0.0,00005100
[0. 0. 1. 0. 0. 0. 0.],[1. 0. 0.],[0. 0. 0. 1. 0. 0. 0. 0. 0. 0. 0.],0.304,0.0,0.0,0.0,00005108
[0. 0. 1. 0. 0. 0. 0.],[1. 0. 0.],[0. 0. 0. 1. 0. 0. 0. 0. 0. 0. 0.],0.277,0.885,-0.0,0.0,00005117
[0. 0. 1. 0. 0. 0. 0.],[1. 0. 0.],[0. 0. 0. 1. 0. 0. 0. 0. 0. 0. 0.],0.258,1.0,0.0,0.0,00005126
[0. 0. 1. 0. 0. 0. 0.],[1. 0. 0.],[0. 0. 0. 1. 0. 0. 0. 0. 0. 0. 0.],0.263,1.0,-0.0,0.0,00005135
[0. 0. 1. 0. 0. 0. 0.],[1. 0. 0.],[0. 0. 0. 1. 0. 0. 0. 0. 0. 0. 0.],0.278,1.0,-0.0,0.0,00005144
[0. 0. 1. 0. 0. 0. 0.],[1. 0. 0.],[0. 0. 0. 1. 0. 0. 0. 0. 0. 0. 0.],0.299,1.0,-0.0,0.0,00005153
[0. 0. 1. 0. 0. 0. 0.],[1. 0. 0.],[0. 0. 0. 1. 0. 0. 0. 0. 0. 0. 0.],0.311,0.0,-0.0,0.0,00005162
[0. 0. 1. 0. 0. 0. 0.],[1. 0. 0.],[0. 0. 0. 1. 0. 0. 0. 0. 0. 0. 0.],0.302,0.0,0.0,0.0,00005171
[0. 0. 1. 0. 0. 0. 0.],[1. 0. 0.],[0. 0. 0. 1. 0. 0. 0. 0. 0. 0. 0.],0.273,1.0,0.0,0.0,00005179
[0. 0. 1. 0. 0. 0. 0.],[1. 0. 0.],[0. 0. 0. 1. 0. 0. 0. 0. 0. 0. 0.],0.262,1.0,0.0,0.0,00005188
[0. 0. 1. 0. 0. 0. 0.],[1. 0. 0.],[0. 0. 0. 1. 0. 0. 0. 0. 0. 0. 0.],0.267,1.0,0.0,0.0,00005197
[0. 0. 1. 0. 0. 0. 0.],[1. 0. 0.],[0. 0. 0. 1. 0. 0. 0. 0. 0. 0. 0.],0.266,1.0,0.0,0.0,00005206
[0. 0. 1. 0. 0. 0. 0.],[1. 0. 0.],[0. 0. 0. 1. 0. 0. 0. 0. 0. 0. 0.],0.265,1.0,0.0,0.0,00005216
[0. 0. 1. 0. 0. 0. 0.],[1. 0. 0.],[0. 0. 0. 1. 0. 0. 0. 0. 0. 0. 0.],0.283,1.0,-0.0,0.0,00005225
[0. 0. 1. 0. 0. 0. 0.],[1. 0. 0.],[0. 0. 0. 1. 0. 0. 0. 0. 0. 0. 0.],0.31,0.56,-0.0,0.0,00005234
[0. 0. 1. 0. 0. 0. 0.],[1. 0. 0.],[0. 0. 0. 1. 0. 0. 0. 0. 0. 0. 0.],0.324,0.0,0.0,0.0,00005243
[0. 0. 1. 0. 0. 0. 0.],[1. 0. 0.],[0. 0. 0. 1. 0. 0. 0. 0. 0. 0. 0.],0.308,0.0,0.0,0.0,00005253
[0. 0. 1. 0. 0. 0. 0.],[1. 0. 0.],[0. 0. 0. 1. 0. 0. 0. 0. 0. 0. 0.],0.287,0.367,-0.0,0.0,00005262
[0. 0. 1. 0. 0. 0. 0.],[1. 0. 0.],[0. 0. 0. 1. 0. 0. 0. 0. 0. 0. 0.],0.276,1.0,0.0,0.0,00005271
[0. 0. 1. 0. 0. 0. 0.],[1. 0. 0.],[0. 0. 0. 1. 0. 0. 0. 0. 0. 0. 0.],0.286,1.0,-0.0,0.0,00005281
[0. 0. 1. 0. 0. 0. 0.],[1. 0. 0.],[0. 0. 0. 1. 0. 0. 0. 0. 0. 0. 0.],0.303,0.345,0.0,0.0,00005291
[0. 0. 1. 0. 0. 0. 0.],[1. 0. 0.],[0. 0. 0. 1. 0. 0. 0. 0. 0. 0. 0.],0.303,0.0,0.0,0.0,00005300
[0. 0. 1. 0. 0. 0. 0.],[1. 0. 0.],[0. 0. 0. 1. 0. 0. 0. 0. 0. 0. 0.],0.302,0.0,-0.0,0.0,00005310
[0. 0. 1. 0. 0. 0. 0.],[1. 0. 0.],[0. 0. 0. 1. 0. 0. 0. 0. 0. 0. 0.],0.288,0.019,0.0,0.0,00005320
[0. 0. 1. 0. 0. 0. 0.],[1. 0. 0.],[0. 0. 0. 1. 0. 0. 0. 0. 0. 0. 0.],0.259,1.0,0.0,0.0,00005330
[0. 0. 1. 0. 0. 0. 0.],[1. 0. 0.],[0. 0. 0. 1. 0. 0. 0. 0. 0. 0. 0.],0.258,1.0,-0.0,0.0,00005340
[0. 0. 1. 0. 0. 0. 0.],[1. 0. 0.],[0. 0. 0. 1. 0. 0. 0. 0. 0. 0. 0.],0.27,1.0,0.0,0.0,00005349
[0. 0. 1. 0. 0. 0. 0.],[1. 0. 0.],[0. 0. 0. 1. 0. 0. 0. 0. 0. 0. 0.],0.287,1.0,-0.0,0.0,00005358
[0. 0. 1. 0. 0. 0. 0.],[1. 0. 0.],[0. 0. 0. 1. 0. 0. 0. 0. 0. 0. 0.],0.308,0.19,-0.0,0.0,00005368
[0. 0. 1. 0. 0. 0. 0.],[1. 0. 0.],[0. 0. 0. 1. 0. 0. 0. 0. 0. 0. 0.],0.308,0.0,-0.0,0.0,00005377
[0. 0. 1. 0. 0. 0. 0.],[1. 0. 0.],[0. 0. 0. 1. 0. 0. 0. 0. 0. 0. 0.],0.287,0.447,-0.0,0.0,00005387
[0. 0. 1. 0. 0. 0. 0.],[1. 0. 0.],[0. 0. 0. 1. 0. 0. 0. 0. 0. 0. 0.],0.267,1.0,-0.0,0.0,00005397
[0. 0. 1. 0. 0. 0. 0.],[1. 0. 0.],[0. 0. 0. 1. 0. 0. 0. 0. 0. 0. 0.],0.268,1.0,-0.0,0.0,00005407
[0. 0. 1. 0. 0. 0. 0.],[1. 0. 0.],[0. 0. 0. 1. 0. 0. 0. 0. 0. 0. 0.],0.269,1.0,-0.0,0.0,00005417
[0. 0. 1. 0. 0. 0. 0.],[1. 0. 0.],[0. 0. 0. 1. 0. 0. 0. 0. 0. 0. 0.],0.268,1.0,-0.0,0.0,00005428
[0. 0. 1. 0. 0. 0. 0.],[1. 0. 0.],[0. 0. 0. 1. 0. 0. 0. 0. 0. 0. 0.],0.279,1.0,0.0,0.0,00005439
[0. 0. 1. 0. 0. 0. 0.],[1. 0. 0.],[0. 0. 0. 1. 0. 0. 0. 0. 0. 0. 0.],0.312,0.207,-0.0,0.0,00005449
[0. 0. 1. 0. 0. 0. 0.],[1. 0. 0.],[0. 0. 0. 1. 0. 0. 0. 0. 0. 0. 0.],0.327,0.0,-0.0,0.0,00005459
[0. 0. 1. 0. 0. 0. 0.],[1. 0. 0.],[0. 0. 0. 1. 0. 0. 0. 0. 0. 0. 0.],0.323,0.0,0.0,0.0,00005469
[0. 0. 1. 0. 0. 0. 0.],[1. 0. 0.],[0. 0. 0. 1. 0. 0. 0. 0. 0. 0. 0.],0.303,0.0,-0.0,0.0,00005479
[0. 0. 1. 0. 0. 0. 0.],[1. 0. 0.],[0. 0. 0. 1. 0. 0. 0. 0. 0. 0. 0.],0.281,1.0,-0.0,0.0,00005490
[0. 0. 1. 0. 0. 0. 0.],[1. 0. 0.],[0. 0. 0. 1. 0. 0. 0. 0. 0. 0. 0.],0.28,1.0,0.0,0.0,00005500
[0. 0. 1. 0. 0. 0. 0.],[1. 0. 0.],[0. 0. 0. 1. 0. 0. 0. 0. 0. 0. 0.],0.298,0.925,-0.0,0.0,00005511
[0. 0. 1. 0. 0. 0. 0.],[1. 0. 0.],[0. 0. 0. 1. 0. 0. 0. 0. 0. 0. 0.],0.302,0.0,-0.0,0.0,00005521
[0. 0. 1. 0. 0. 0. 0.],[1. 0. 0.],[0. 0. 0. 1. 0. 0. 0. 0. 0. 0. 0.],0.301,0.0,0.0,0.0,00005531
[0. 0. 1. 0. 0. 0. 0.],[1. 0. 0.],[0. 0. 0. 1. 0. 0. 0. 0. 0. 0. 0.],0.293,0.072,0.0,0.0,00005542
[0. 0. 1. 0. 0. 0. 0.],[1. 0. 0.],[0. 0. 0. 1. 0. 0. 0. 0. 0. 0. 0.],0.267,1.0,0.0,0.0,00005553
[0. 0. 1. 0. 0. 0. 0.],[1. 0. 0.],[0. 0. 0. 1. 0. 0. 0. 0. 0. 0. 0.],0.265,1.0,0.0,0.0,00005564
[0. 0. 1. 0. 0. 0. 0.],[1. 0. 0.],[0. 0. 0. 1. 0. 0. 0. 0. 0. 0. 0.],0.275,1.0,-0.0,0.0,00005575
[0. 0. 1. 0. 0. 0. 0.],[1. 0. 0.],[0. 0. 0. 1. 0. 0. 0. 0. 0. 0. 0.],0.294,1.0,0.0,0.0,00005586
[0. 0. 1. 0. 0. 0. 0.],[1. 0. 0.],[0. 0. 0. 1. 0. 0. 0. 0. 0. 0. 0.],0.309,0.0,-0.0,0.0,00005597
[0. 0. 1. 0. 0. 0. 0.],[1. 0. 0.],[0. 0. 0. 1. 0. 0. 0. 0. 0. 0. 0.],0.298,0.0,0.0,0.0,00005608
[0. 0. 1. 0. 0. 0. 0.],[1. 0. 0.],[0. 0. 0. 1. 0. 0. 0. 0. 0. 0. 0.],0.273,1.0,0.0,0.0,00005618
[0. 0. 1. 0. 0. 0. 0.],[1. 0. 0.],[0. 0. 0. 1. 0. 0. 0. 0. 0. 0. 0.],0.27,1.0,0.0,0.0,00005629
[0. 0. 1. 0. 0. 0. 0.],[1. 0. 0.],[0. 0. 0. 1. 0. 0. 0. 0. 0. 0. 0.],0.272,1.0,-0.0,0.0,00005641
[0. 0. 1. 0. 0. 0. 0.],[1. 0. 0.],[0. 0. 0. 1. 0. 0. 0. 0. 0. 0. 0.],0.271,1.0,-0.0,0.0,00005652
[0. 0. 1. 0. 0. 0. 0.],[1. 0. 0.],[0. 0. 0. 1. 0. 0. 0. 0. 0. 0. 0.],0.272,1.0,0.0,0.0,00005664
[0. 0. 1. 0. 0. 0. 0.],[1. 0. 0.],[0. 0. 0. 1. 0. 0. 0. 0. 0. 0. 0.],0.3,1.0,-0.0,0.0,00005676
[0. 0. 1. 0. 0. 0. 0.],[1. 0. 0.],[0. 0. 0. 1. 0. 0. 0. 0. 0. 0. 0.],0.32,0.0,-0.0,0.0,00005687
[0. 0. 1. 0. 0. 0. 0.],[1. 0. 0.],[0. 0. 0. 1. 0. 0. 0. 0. 0. 0. 0.],0.315,0.0,0.0,0.0,00005699
[0. 0. 1. 0. 0. 0. 0.],[1. 0. 0.],[0. 0. 0. 1. 0. 0. 0. 0. 0. 0. 0.],0.298,0.0,-0.0,0.0,00005711
[0. 0. 1. 0. 0. 0. 0.],[1. 0. 0.],[0. 0. 0. 1. 0. 0. 0. 0. 0. 0. 0.],0.28,1.0,-0.0,0.0,00005723
[0. 0. 1. 0. 0. 0. 0.],[1. 0. 0.],[0. 0. 0. 1. 0. 0. 0. 0. 0. 0. 0.],0.284,1.0,-0.0,0.0,00005735
[0. 0. 1. 0. 0. 0. 0.],[1. 0. 0.],[0. 0. 0. 1. 0. 0. 0. 0. 0. 0. 0.],0.305,0.0,-0.0,0.0,00005747
[0. 0. 1. 0. 0. 0. 0.],[1. 0. 0.],[0. 0. 0. 1. 0. 0. 0. 0. 0. 0. 0.],0.309,0.0,0.0,0.0,00005759
[0. 0. 1. 0. 0. 0. 0.],[1. 0. 0.],[0. 0. 0. 1. 0. 0. 0. 0. 0. 0. 0.],0.308,0.0,-0.0,0.0,00005772
[0. 0. 1. 0. 0. 0. 0.],[1. 0. 0.],[0. 0. 0. 1. 0. 0. 0. 0. 0. 0. 0.],0.307,0.0,-0.0,0.0,00005784
[0. 0. 1. 0. 0. 0. 0.],[1. 0. 0.],[0. 0. 0. 1. 0. 0. 0. 0. 0. 0. 0.],0.273,1.0,-0.0,0.0,00005797
[0. 0. 1. 0. 0. 0. 0.],[1. 0. 0.],[0. 0. 0. 1. 0. 0. 0. 0. 0. 0. 0.],0.247,1.0,0.0,0.0,00005810
[0. 0. 1. 0. 0. 0. 0.],[1. 0. 0.],[0. 0. 0. 1. 0. 0. 0. 0. 0. 0. 0.],0.247,1.0,0.0,0.0,00005822
[0. 0. 1. 0. 0. 0. 0.],[1. 0. 0.],[0. 0. 0. 1. 0. 0. 0. 0. 0. 0. 0.],0.261,1.0,-0.0,0.0,00005835
[0. 0. 1. 0. 0. 0. 0.],[1. 0. 0.],[0. 0. 0. 1. 0. 0. 0. 0. 0. 0. 0.],0.279,1.0,0.0,0.0,00005848
[0. 0. 1. 0. 0. 0. 0.],[1. 0. 0.],[0. 0. 0. 1. 0. 0. 0. 0. 0. 0. 0.],0.299,0.838,0.0,0.0,00005860
[0. 0. 1. 0. 0. 0. 0.],[1. 0. 0.],[0. 0. 0. 1. 0. 0. 0. 0. 0. 0. 0.],0.313,0.0,-0.0,0.0,00005873
[0. 0. 1. 0. 0. 0. 0.],[1. 0. 0.],[0. 0. 0. 1. 0. 0. 0. 0. 0. 0. 0.],0.303,0.0,0.0,0.0,00005885
[0. 0. 1. 0. 0. 0. 0.],[1. 0. 0.],[0. 0. 0. 1. 0. 0. 0. 0. 0. 0. 0.],0.275,1.0,-0.0,0.0,00005898
[0. 0. 1. 0. 0. 0. 0.],[1. 0. 0.],[0. 0. 0. 1. 0. 0. 0. 0. 0. 0. 0.],0.267,1.0,-0.0,0.0,00005912
[0. 0. 1. 0. 0. 0. 0.],[1. 0. 0.],[0. 0. 0. 1. 0. 0. 0. 0. 0. 0. 0.],0.271,1.0,0.0,0.0,00005925
[0. 0. 1. 0. 0. 0. 0.],[1. 0. 0.],[0. 0. 0. 1. 0. 0. 0. 0. 0. 0. 0.],0.27,1.0,0.0,0.0,00005938
[0. 0. 1. 0. 0. 0. 0.],[1. 0. 0.],[0. 0. 0. 1. 0. 0. 0. 0. 0. 0. 0.],0.269,1.0,0.0,0.0,00005951
[0. 0. 1. 0. 0. 0. 0.],[1. 0. 0.],[0. 0. 0. 1. 0. 0. 0. 0. 0. 0. 0.],0.294,1.0,-0.0,0.0,00005964
[0. 0. 1. 0. 0. 0. 0.],[1. 0. 0.],[0. 0. 0. 1. 0. 0. 0. 0. 0. 0. 0.],0.319,0.0,-0.0,0.0,00005978
[0. 0. 1. 0. 0. 0. 0.],[1. 0. 0.],[0. 0. 0. 1. 0. 0. 0. 0. 0. 0. 0.],0.318,0.0,-0.0,0.0,00005991
[0. 0. 1. 0. 0. 0. 0.],[1. 0. 0.],[0. 0. 0. 1. 0. 0. 0. 0. 0. 0. 0.],0.302,0.0,0.0,0.0,00006004
[0. 0. 1. 0. 0. 0. 0.],[1. 0. 0.],[0. 0. 0. 1. 0. 0. 0. 0. 0. 0. 0.],0.283,1.0,0.0,0.0,00006017
[0. 0. 1. 0. 0. 0. 0.],[1. 0. 0.],[0. 0. 0. 1. 0. 0. 0. 0. 0. 0. 0.],0.282,1.0,0.0,0.0,00006031
[0. 0. 1. 0. 0. 0. 0.],[1. 0. 0.],[0. 0. 0. 1. 0. 0. 0. 0. 0. 0. 0.],0.302,0.31,-0.0,0.0,00006045
[0. 0. 1. 0. 0. 0. 0.],[1. 0. 0.],[0. 0. 0. 1. 0. 0. 0. 0. 0. 0. 0.],0.309,0.0,-0.0,0.0,00006059
[0. 0. 1. 0. 0. 0. 0.],[1. 0. 0.],[0. 0. 0. 1. 0. 0. 0. 0. 0. 0. 0.],0.308,0.0,0.0,0.0,00006073
[0. 0. 1. 0. 0. 0. 0.],[1. 0. 0.],[0. 0. 0. 1. 0. 0. 0. 0. 0. 0. 0.],0.307,0.0,-0.0,0.0,00006087
[0. 0. 1. 0. 0. 0. 0.],[1. 0. 0.],[0. 0. 0. 1. 0. 0. 0. 0. 0. 0. 0.],0.276,0.958,0.0,0.0,00006101
[0. 0. 1. 0. 0. 0. 0.],[1. 0. 0.],[0. 0. 0. 1. 0. 0. 0. 0. 0. 0. 0.],0.249,1.0,0.0,0.0,00006114
[0. 0. 1. 0. 0. 0. 0.],[1. 0. 0.],[0. 0. 0. 1. 0. 0. 0. 0. 0. 0. 0.],0.245,1.0,-0.0,0.0,00006128
[0. 0. 1. 0. 0. 0. 0.],[1. 0. 0.],[0. 0. 0. 1. 0. 0. 0. 0. 0. 0. 0.],0.255,1.0,-0.0,0.0,00006141
[0. 0. 1. 0. 0. 0. 0.],[1. 0. 0.],[0. 0. 0. 1. 0. 0. 0. 0. 0. 0. 0.],0.271,1.0,0.0,0.0,00006155
[0. 0. 1. 0. 0. 0. 0.],[1. 0. 0.],[0. 0. 0. 1. 0. 0. 0. 0. 0. 0. 0.],0.297,1.0,0.0,0.0,00006169
[0. 0. 1. 0. 0. 0. 0.],[1. 0. 0.],[0. 0. 0. 1. 0. 0. 0. 0. 0. 0. 0.],0.312,0.0,0.0,0.0,00006183
[0. 0. 1. 0. 0. 0. 0.],[1. 0. 0.],[0. 0. 0. 1. 0. 0. 0. 0. 0. 0. 0.],0.306,0.0,-0.0,0.0,00006196
[0. 0. 1. 0. 0. 0. 0.],[1. 0. 0.],[0. 0. 0. 1. 0. 0. 0. 0. 0. 0. 0.],0.277,1.0,0.0,0.0,00006210
[0. 0. 1. 0. 0. 0. 0.],[1. 0. 0.],[0. 0. 0. 1. 0. 0. 0. 0. 0. 0. 0.],0.267,1.0,0.0,0.0,00006224
[0. 0. 1. 0. 0. 0. 0.],[1. 0. 0.],[0. 0. 0. 1. 0. 0. 0. 0. 0. 0. 0.],0.27,1.0,-0.0,0.0,00006238
[0. 0. 1. 0. 0. 0. 0.],[1. 0. 0.],[0. 0. 0. 1. 0. 0. 0. 0. 0. 0. 0.],0.269,1.0,-0.0,0.0,00006252
[0. 0. 1. 0. 0. 0. 0.],[1. 0. 0.],[0. 0. 0. 1. 0. 0. 0. 0. 0. 0. 0.],0.268,1.0,-0.0,0.0,00006266
[0. 0. 1. 0. 0. 0. 0.],[1. 0. 0.],[0. 0. 0. 1. 0. 0. 0. 0. 0. 0. 0.],0.285,1.0,0.0,0.0,00006280
[0. 0. 1. 0. 0. 0. 0.],[1. 0. 0.],[0. 0. 0. 1. 0. 0. 0. 0. 0. 0. 0.],0.314,0.0,-0.0,0.0,00006294
[0. 0. 1. 0. 0. 0. 0.],[0. 1. 0.],[0. 0. 0. 1. 0. 0. 0. 0. 0. 0. 0.],0.321,0.0,-0.0,0.0,00006309
[0. 0. 1. 0. 0. 0. 0.],[0. 1. 0.],[0. 0. 0. 1. 0. 0. 0. 0. 0. 0. 0.],0.289,0.0,0.0,1.0,00006323
[0. 0. 1. 0. 0. 0. 0.],[0. 1. 0.],[0. 0. 0. 1. 0. 0. 0. 0. 0. 0. 0.],0.212,0.0,0.0,1.0,00006338
[0. 0. 1. 0. 0. 0. 0.],[0. 1. 0.],[0. 0. 0. 1. 0. 0. 0. 0. 0. 0. 0.],0.133,0.0,0.0,1.0,00006352
[0. 0. 1. 0. 0. 0. 0.],[0. 1. 0.],[0. 0. 0. 1. 0. 0. 0. 0. 0. 0. 0.],0.057,0.0,0.0,1.0,00006367
[0. 0. 1. 0. 0. 0. 0.],[0. 1. 0.],[0. 0. 0. 1. 0. 0. 0. 0. 0. 0. 0.],0.0,0.0,0.0,1.0,00006382
[0. 0. 1. 0. 0. 0. 0.],[0. 1. 0.],[0. 0. 0. 1. 0. 0. 0. 0. 0. 0. 0.],0.0,0.0,0.0,1.0,00006397
[0. 0. 1. 0. 0. 0. 0.],[0. 1. 0.],[0. 0. 0. 1. 0. 0. 0. 0. 0. 0. 0.],0.0,0.0,0.0,1.0,00006411
[0. 0. 1. 0. 0. 0. 0.],[0. 1. 0.],[0. 0. 0. 1. 0. 0. 0. 0. 0. 0. 0.],0.0,0.0,0.0,1.0,00006426
[0. 0. 1. 0. 0. 0. 0.],[0. 1. 0.],[0. 0. 0. 1. 0. 0. 0. 0. 0. 0. 0.],0.0,0.0,0.0,1.0,00006442
[0. 0. 1. 0. 0. 0. 0.],[0. 1. 0.],[0. 0. 0. 1. 0. 0. 0. 0. 0. 0. 0.],0.0,0.0,0.0,1.0,00006457
[0. 0. 1. 0. 0. 0. 0.],[0. 1. 0.],[0. 0. 0. 1. 0. 0. 0. 0. 0. 0. 0.],0.0,0.0,0.0,1.0,00006472
[0. 0. 1. 0. 0. 0. 0.],[0. 1. 0.],[0. 0. 0. 1. 0. 0. 0. 0. 0. 0. 0.],0.0,0.0,0.0,1.0,00006486
[0. 0. 1. 0. 0. 0. 0.],[0. 1. 0.],[0. 0. 0. 1. 0. 0. 0. 0. 0. 0. 0.],0.0,0.0,0.0,1.0,00006502
[0. 0. 1. 0. 0. 0. 0.],[0. 1. 0.],[0. 0. 0. 1. 0. 0. 0. 0. 0. 0. 0.],0.0,0.0,0.0,1.0,00006517
[0. 0. 1. 0. 0. 0. 0.],[0. 1. 0.],[0. 0. 0. 1. 0. 0. 0. 0. 0. 0. 0.],0.0,0.0,0.0,1.0,00006532
[0. 0. 1. 0. 0. 0. 0.],[0. 1. 0.],[0. 0. 0. 1. 0. 0. 0. 0. 0. 0. 0.],0.0,0.0,0.0,1.0,00006547
[0. 0. 1. 0. 0. 0. 0.],[0. 1. 0.],[0. 0. 0. 1. 0. 0. 0. 0. 0. 0. 0.],0.0,0.0,0.0,1.0,00006562
[0. 0. 1. 0. 0. 0. 0.],[0. 1. 0.],[0. 0. 0. 1. 0. 0. 0. 0. 0. 0. 0.],0.0,0.0,0.0,1.0,00006578
[0. 0. 1. 0. 0. 0. 0.],[0. 1. 0.],[0. 0. 0. 1. 0. 0. 0. 0. 0. 0. 0.],0.0,0.0,0.0,1.0,00006593
[0. 0. 1. 0. 0. 0. 0.],[0. 1. 0.],[0. 0. 0. 1. 0. 0. 0. 0. 0. 0. 0.],0.0,0.0,0.0,1.0,00006609
[0. 0. 1. 0. 0. 0. 0.],[0. 1. 0.],[0. 0. 0. 1. 0. 0. 0. 0. 0. 0. 0.],0.0,0.0,0.0,1.0,00006624
[0. 0. 1. 0. 0. 0. 0.],[0. 1. 0.],[0. 0. 0. 1. 0. 0. 0. 0. 0. 0. 0.],0.0,0.0,0.0,1.0,00006639
[0. 0. 1. 0. 0. 0. 0.],[0. 1. 0.],[0. 0. 0. 1. 0. 0. 0. 0. 0. 0. 0.],0.0,0.0,0.0,1.0,00006654
[0. 0. 1. 0. 0. 0. 0.],[0. 1. 0.],[0. 0. 0. 1. 0. 0. 0. 0. 0. 0. 0.],0.0,0.0,0.0,1.0,00006670
[0. 0. 1. 0. 0. 0. 0.],[0. 1. 0.],[0. 0. 0. 1. 0. 0. 0. 0. 0. 0. 0.],0.0,0.0,0.0,1.0,00006685
[0. 0. 1. 0. 0. 0. 0.],[0. 1. 0.],[0. 0. 0. 1. 0. 0. 0. 0. 0. 0. 0.],0.0,0.0,0.0,1.0,00006700
[0. 0. 1. 0. 0. 0. 0.],[0. 1. 0.],[0. 0. 0. 1. 0. 0. 0. 0. 0. 0. 0.],0.0,0.0,0.0,1.0,00006716
[0. 0. 1. 0. 0. 0. 0.],[0. 1. 0.],[0. 0. 0. 1. 0. 0. 0. 0. 0. 0. 0.],0.0,0.0,0.0,1.0,00006731
[0. 0. 1. 0. 0. 0. 0.],[0. 1. 0.],[0. 0. 0. 1. 0. 0. 0. 0. 0. 0. 0.],0.0,0.0,0.0,1.0,00006747
[0. 0. 1. 0. 0. 0. 0.],[0. 1. 0.],[0. 0. 0. 1. 0. 0. 0. 0. 0. 0. 0.],0.0,0.0,0.0,1.0,00006762
[0. 0. 1. 0. 0. 0. 0.],[0. 1. 0.],[0. 0. 0. 1. 0. 0. 0. 0. 0. 0. 0.],0.0,0.0,0.0,1.0,00006777
[0. 0. 1. 0. 0. 0. 0.],[0. 1. 0.],[0. 0. 0. 1. 0. 0. 0. 0. 0. 0. 0.],0.0,0.0,0.0,1.0,00006793
[0. 0. 1. 0. 0. 0. 0.],[0. 1. 0.],[0. 0. 0. 1. 0. 0. 0. 0. 0. 0. 0.],0.0,0.0,0.0,1.0,00006808
[0. 0. 1. 0. 0. 0. 0.],[0. 1. 0.],[0. 0. 0. 1. 0. 0. 0. 0. 0. 0. 0.],0.0,0.0,0.0,1.0,00006823
[0. 0. 1. 0. 0. 0. 0.],[0. 1. 0.],[0. 0. 0. 1. 0. 0. 0. 0. 0. 0. 0.],0.0,0.0,0.0,1.0,00006838
[0. 0. 1. 0. 0. 0. 0.],[0. 1. 0.],[0. 0. 0. 1. 0. 0. 0. 0. 0. 0. 0.],0.0,0.0,0.0,1.0,00006853
[0. 0. 1. 0. 0. 0. 0.],[0. 1. 0.],[0. 0. 0. 1. 0. 0. 0. 0. 0. 0. 0.],0.0,0.0,0.0,1.0,00006868
[0. 0. 1. 0. 0. 0. 0.],[0. 1. 0.],[0. 0. 0. 1. 0. 0. 0. 0. 0. 0. 0.],0.0,0.0,0.0,1.0,00006883
[0. 0. 1. 0. 0. 0. 0.],[0. 1. 0.],[0. 0. 0. 1. 0. 0. 0. 0. 0. 0. 0.],0.0,0.0,0.0,1.0,00006899
[0. 0. 1. 0. 0. 0. 0.],[0. 1. 0.],[0. 0. 0. 1. 0. 0. 0. 0. 0. 0. 0.],0.0,0.0,0.0,1.0,00006914
[0. 0. 1. 0. 0. 0. 0.],[0. 1. 0.],[0. 0. 0. 1. 0. 0. 0. 0. 0. 0. 0.],0.0,0.0,0.0,1.0,00006929
[0. 0. 1. 0. 0. 0. 0.],[0. 1. 0.],[0. 0. 0. 1. 0. 0. 0. 0. 0. 0. 0.],0.0,0.0,0.0,1.0,00006944
[0. 0. 1. 0. 0. 0. 0.],[0. 1. 0.],[0. 0. 0. 1. 0. 0. 0. 0. 0. 0. 0.],0.0,0.0,0.0,1.0,00006959
[0. 0. 1. 0. 0. 0. 0.],[0. 1. 0.],[0. 0. 0. 1. 0. 0. 0. 0. 0. 0. 0.],0.0,0.0,0.0,1.0,00006975
[0. 0. 1. 0. 0. 0. 0.],[0. 1. 0.],[0. 0. 0. 1. 0. 0. 0. 0. 0. 0. 0.],0.0,0.0,0.0,1.0,00006989
[0. 0. 1. 0. 0. 0. 0.],[0. 1. 0.],[0. 0. 0. 1. 0. 0. 0. 0. 0. 0. 0.],0.0,0.0,0.0,1.0,00007004
[0. 0. 1. 0. 0. 0. 0.],[0. 1. 0.],[0. 0. 0. 1. 0. 0. 0. 0. 0. 0. 0.],0.0,0.0,0.0,1.0,00007020
[0. 0. 1. 0. 0. 0. 0.],[0. 1. 0.],[0. 0. 0. 1. 0. 0. 0. 0. 0. 0. 0.],0.0,0.0,0.0,1.0,00007035
[0. 0. 1. 0. 0. 0. 0.],[0. 1. 0.],[0. 0. 0. 1. 0. 0. 0. 0. 0. 0. 0.],0.0,0.0,0.0,1.0,00007050
[0. 0. 1. 0. 0. 0. 0.],[0. 1. 0.],[0. 0. 0. 1. 0. 0. 0. 0. 0. 0. 0.],0.0,0.0,0.0,1.0,00007065
[0. 0. 1. 0. 0. 0. 0.],[0. 1. 0.],[0. 0. 0. 1. 0. 0. 0. 0. 0. 0. 0.],0.0,0.0,0.0,1.0,00007081
[0. 0. 1. 0. 0. 0. 0.],[0. 1. 0.],[0. 0. 0. 1. 0. 0. 0. 0. 0. 0. 0.],0.0,0.0,0.0,1.0,00007096
[0. 0. 1. 0. 0. 0. 0.],[0. 1. 0.],[0. 0. 0. 1. 0. 0. 0. 0. 0. 0. 0.],0.0,0.0,0.0,1.0,00007112
[0. 0. 1. 0. 0. 0. 0.],[0. 1. 0.],[0. 0. 0. 1. 0. 0. 0. 0. 0. 0. 0.],0.0,0.0,0.0,1.0,00007127
[0. 0. 1. 0. 0. 0. 0.],[0. 1. 0.],[0. 0. 0. 1. 0. 0. 0. 0. 0. 0. 0.],0.0,0.0,0.0,1.0,00007142
[0. 0. 1. 0. 0. 0. 0.],[0. 1. 0.],[0. 0. 0. 1. 0. 0. 0. 0. 0. 0. 0.],0.0,0.0,0.0,1.0,00007158
[0. 0. 1. 0. 0. 0. 0.],[0. 1. 0.],[0. 0. 0. 1. 0. 0. 0. 0. 0. 0. 0.],0.0,0.0,0.0,1.0,00007173
[0. 0. 1. 0. 0. 0. 0.],[0. 1. 0.],[0. 0. 0. 1. 0. 0. 0. 0. 0. 0. 0.],0.0,0.0,0.0,1.0,00007188
[0. 0. 1. 0. 0. 0. 0.],[0. 1. 0.],[0. 0. 0. 1. 0. 0. 0. 0. 0. 0. 0.],0.0,0.0,0.0,1.0,00007203
[0. 0. 1. 0. 0. 0. 0.],[0. 1. 0.],[0. 0. 0. 1. 0. 0. 0. 0. 0. 0. 0.],0.0,0.0,0.0,1.0,00007218
[0. 0. 1. 0. 0. 0. 0.],[0. 1. 0.],[0. 0. 0. 1. 0. 0. 0. 0. 0. 0. 0.],0.0,0.0,0.0,1.0,00007233
[0. 0. 1. 0. 0. 0. 0.],[0. 1. 0.],[0. 0. 0. 1. 0. 0. 0. 0. 0. 0. 0.],0.0,0.0,0.0,1.0,00007248
[0. 0. 1. 0. 0. 0. 0.],[0. 1. 0.],[0. 0. 0. 1. 0. 0. 0. 0. 0. 0. 0.],0.0,0.0,0.0,1.0,00007264
[0. 0. 1. 0. 0. 0. 0.],[0. 1. 0.],[0. 0. 0. 1. 0. 0. 0. 0. 0. 0. 0.],0.0,0.0,0.0,1.0,00007279
[0. 0. 1. 0. 0. 0. 0.],[0. 1. 0.],[0. 0. 0. 1. 0. 0. 0. 0. 0. 0. 0.],0.0,0.0,0.0,1.0,00007294
[0. 0. 1. 0. 0. 0. 0.],[0. 1. 0.],[0. 0. 0. 1. 0. 0. 0. 0. 0. 0. 0.],0.0,0.0,0.0,1.0,00007309
[0. 0. 1. 0. 0. 0. 0.],[0. 1. 0.],[0. 0. 0. 1. 0. 0. 0. 0. 0. 0. 0.],0.0,0.0,0.0,1.0,00007324
[0. 0. 1. 0. 0. 0. 0.],[0. 1. 0.],[0. 0. 0. 1. 0. 0. 0. 0. 0. 0. 0.],0.0,0.0,0.0,1.0,00007339
[0. 0. 1. 0. 0. 0. 0.],[0. 1. 0.],[0. 0. 0. 1. 0. 0. 0. 0. 0. 0. 0.],0.0,0.0,0.0,1.0,00007354
[0. 0. 1. 0. 0. 0. 0.],[0. 1. 0.],[0. 0. 0. 1. 0. 0. 0. 0. 0. 0. 0.],0.0,0.0,0.0,1.0,00007370
[0. 0. 1. 0. 0. 0. 0.],[0. 1. 0.],[0. 0. 0. 1. 0. 0. 0. 0. 0. 0. 0.],0.0,0.0,0.0,1.0,00007385
[0. 0. 1. 0. 0. 0. 0.],[0. 1. 0.],[0. 0. 0. 1. 0. 0. 0. 0. 0. 0. 0.],0.0,0.0,0.0,1.0,00007400
[0. 0. 1. 0. 0. 0. 0.],[0. 1. 0.],[0. 0. 0. 1. 0. 0. 0. 0. 0. 0. 0.],0.0,0.0,0.0,1.0,00007415
[0. 0. 1. 0. 0. 0. 0.],[0. 1. 0.],[0. 0. 0. 1. 0. 0. 0. 0. 0. 0. 0.],0.0,0.0,0.0,1.0,00007430
[0. 0. 1. 0. 0. 0. 0.],[0. 1. 0.],[0. 0. 0. 1. 0. 0. 0. 0. 0. 0. 0.],0.0,0.0,0.0,1.0,00007445
[0. 0. 1. 0. 0. 0. 0.],[0. 1. 0.],[0. 0. 0. 1. 0. 0. 0. 0. 0. 0. 0.],0.0,0.0,0.0,1.0,00007460
[0. 0. 1. 0. 0. 0. 0.],[0. 1. 0.],[0. 0. 0. 1. 0. 0. 0. 0. 0. 0. 0.],0.0,0.0,0.0,1.0,00007475
[0. 0. 1. 0. 0. 0. 0.],[0. 1. 0.],[0. 0. 0. 1. 0. 0. 0. 0. 0. 0. 0.],0.0,0.0,0.0,1.0,00007490
[0. 0. 1. 0. 0. 0. 0.],[0. 1. 0.],[0. 0. 0. 1. 0. 0. 0. 0. 0. 0. 0.],0.0,0.0,0.0,1.0,00007506
[0. 0. 1. 0. 0. 0. 0.],[0. 1. 0.],[0. 0. 0. 1. 0. 0. 0. 0. 0. 0. 0.],0.0,0.0,0.0,1.0,00007521
[0. 0. 1. 0. 0. 0. 0.],[0. 1. 0.],[0. 0. 0. 1. 0. 0. 0. 0. 0. 0. 0.],0.0,0.0,0.0,1.0,00007535
[0. 0. 1. 0. 0. 0. 0.],[0. 1. 0.],[0. 0. 0. 1. 0. 0. 0. 0. 0. 0. 0.],0.0,0.0,0.0,1.0,00007550
[0. 0. 1. 0. 0. 0. 0.],[0. 1. 0.],[0. 0. 0. 1. 0. 0. 0. 0. 0. 0. 0.],0.0,0.0,0.0,1.0,00007565
[0. 0. 1. 0. 0. 0. 0.],[0. 1. 0.],[0. 0. 0. 1. 0. 0. 0. 0. 0. 0. 0.],0.0,0.0,0.0,1.0,00007579
[0. 0. 1. 0. 0. 0. 0.],[1. 0. 0.],[0. 0. 0. 1. 0. 0. 0. 0. 0. 0. 0.],0.0,1.0,-0.03,0.0,00007594
[0. 0. 1. 0. 0. 0. 0.],[1. 0. 0.],[0. 0. 0. 1. 0. 0. 0. 0. 0. 0. 0.],0.002,1.0,-0.0,0.0,00007609
[0. 0. 0. 0. 1. 0. 0.],[1. 0. 0.],[0. 0. 0. 1. 0. 0. 0. 0. 0. 0. 0.],0.04,1.0,0.001,0.0,00007624
[0. 0. 0. 0. 1. 0. 0.],[1. 0. 0.],[0. 0. 0. 1. 0. 0. 0. 0. 0. 0. 0.],0.072,1.0,0.001,0.0,00007639
[0. 0. 0. 0. 1. 0. 0.],[1. 0. 0.],[0. 0. 0. 1. 0. 0. 0. 0. 0. 0. 0.],0.106,1.0,0.0,0.0,00007655
[0. 0. 0. 0. 1. 0. 0.],[1. 0. 0.],[0. 0. 0. 1. 0. 0. 0. 0. 0. 0. 0.],0.136,1.0,0.003,0.0,00007670
[0. 0. 0. 0. 1. 0. 0.],[1. 0. 0.],[0. 0. 0. 1. 0. 0. 0. 0. 0. 0. 0.],0.163,1.0,0.001,0.0,00007685
[0. 0. 0. 0. 1. 0. 0.],[1. 0. 0.],[0. 0. 0. 1. 0. 0. 0. 0. 0. 0. 0.],0.193,1.0,0.0,0.0,00007700
[0. 0. 0. 0. 1. 0. 0.],[1. 0. 0.],[0. 0. 0. 1. 0. 0. 0. 0. 0. 0. 0.],0.192,1.0,-0.001,0.0,00007715
[0. 0. 0. 0. 1. 0. 0.],[1. 0. 0.],[0. 0. 0. 1. 0. 0. 0. 0. 0. 0. 0.],0.192,1.0,0.001,0.0,00007730
[0. 0. 0. 0. 1. 0. 0.],[1. 0. 0.],[0. 0. 0. 1. 0. 0. 0. 0. 0. 0. 0.],0.209,1.0,0.0,0.0,00007746
[0. 0. 0. 0. 1. 0. 0.],[1. 0. 0.],[0. 0. 0. 1. 0. 0. 0. 0. 0. 0. 0.],0.246,1.0,0.083,0.0,00007761
[0. 0. 0. 0. 1. 0. 0.],[1. 0. 0.],[0. 0. 0. 1. 0. 0. 0. 0. 0. 0. 0.],0.284,1.0,0.022,0.0,00007777
[0. 0. 0. 0. 1. 0. 0.],[1. 0. 0.],[0. 0. 0. 1. 0. 0. 0. 0. 0. 0. 0.],0.307,0.362,0.177,0.0,00007792
[0. 0. 0. 0. 1. 0. 0.],[1. 0. 0.],[0. 0. 0. 1. 0. 0. 0. 0. 0. 0. 0.],0.32,0.0,0.373,0.0,00007808
[0. 0. 0. 0. 1. 0. 0.],[1. 0. 0.],[0. 0. 0. 1. 0. 0. 0. 0. 0. 0. 0.],0.305,0.0,0.502,0.0,00007823
[0. 0. 0. 0. 1. 0. 0.],[1. 0. 0.],[0. 0. 0. 1. 0. 0. 0. 0. 0. 0. 0.],0.278,1.0,1.0,0.0,00007838
[0. 0. 0. 0. 1. 0. 0.],[1. 0. 0.],[0. 0. 0. 1. 0. 0. 0. 0. 0. 0. 0.],0.262,1.0,0.551,0.0,00007852
[0. 0. 0. 0. 1. 0. 0.],[1. 0. 0.],[0. 0. 0. 1. 0. 0. 0. 0. 0. 0. 0.],0.257,1.0,0.374,0.0,00007865
[0. 0. 0. 0. 1. 0. 0.],[1. 0. 0.],[0. 0. 0. 1. 0. 0. 0. 0. 0. 0. 0.],0.248,1.0,0.429,0.0,00007877
[0. 0. 1. 0. 0. 0. 0.],[1. 0. 0.],[0. 0. 0. 1. 0. 0. 0. 0. 0. 0. 0.],0.24,1.0,0.344,0.0,00007889
[0. 0. 1. 0. 0. 0. 0.],[1. 0. 0.],[0. 0. 0. 1. 0. 0. 0. 0. 0. 0. 0.],0.233,1.0,0.298,0.0,00007901
[0. 0. 1. 0. 0. 0. 0.],[1. 0. 0.],[0. 0. 0. 1. 0. 0. 0. 0. 0. 0. 0.],0.245,1.0,0.166,0.0,00007913
[0. 0. 1. 0. 0. 0. 0.],[1. 0. 0.],[0. 0. 0. 1. 0. 0. 0. 0. 0. 0. 0.],0.262,1.0,0.072,0.0,00007924
[0. 0. 1. 0. 0. 0. 0.],[1. 0. 0.],[0. 0. 0. 1. 0. 0. 0. 0. 0. 0. 0.],0.281,1.0,-0.026,0.0,00007936
[0. 0. 1. 0. 0. 0. 0.],[1. 0. 0.],[0. 0. 0. 1. 0. 0. 0. 0. 0. 0. 0.],0.3,0.995,0.029,0.0,00007947
[0. 0. 1. 0. 0. 0. 0.],[1. 0. 0.],[0. 0. 0. 1. 0. 0. 0. 0. 0. 0. 0.],0.319,0.0,0.008,0.0,00007959
[0. 0. 1. 0. 0. 0. 0.],[1. 0. 0.],[0. 0. 0. 1. 0. 0. 0. 0. 0. 0. 0.],0.307,0.0,0.013,0.0,00007970
[0. 0. 1. 0. 0. 0. 0.],[1. 0. 0.],[0. 0. 0. 1. 0. 0. 0. 0. 0. 0. 0.],0.282,1.0,0.02,0.0,00007982
[0. 0. 1. 0. 0. 0. 0.],[1. 0. 0.],[0. 0. 0. 1. 0. 0. 0. 0. 0. 0. 0.],0.262,1.0,-0.004,0.0,00007994
[0. 0. 1. 0. 0. 0. 0.],[1. 0. 0.],[0. 0. 0. 1. 0. 0. 0. 0. 0. 0. 0.],0.264,1.0,-0.005,0.0,00008006
[0. 0. 1. 0. 0. 0. 0.],[1. 0. 0.],[0. 0. 0. 1. 0. 0. 0. 0. 0. 0. 0.],0.264,1.0,-0.006,0.0,00008018
[0. 0. 1. 0. 0. 0. 0.],[1. 0. 0.],[0. 0. 0. 1. 0. 0. 0. 0. 0. 0. 0.],0.263,1.0,0.002,0.0,00008031
[0. 0. 1. 0. 0. 0. 0.],[1. 0. 0.],[0. 0. 0. 1. 0. 0. 0. 0. 0. 0. 0.],0.27,1.0,-0.003,0.0,00008043
[0. 0. 1. 0. 0. 0. 0.],[1. 0. 0.],[0. 0. 0. 1. 0. 0. 0. 0. 0. 0. 0.],0.299,1.0,0.006,0.0,00008055
[0. 0. 1. 0. 0. 0. 0.],[1. 0. 0.],[0. 0. 0. 1. 0. 0. 0. 0. 0. 0. 0.],0.322,0.0,-0.004,0.0,00008067
[0. 0. 1. 0. 0. 0. 0.],[1. 0. 0.],[0. 0. 0. 1. 0. 0. 0. 0. 0. 0. 0.],0.317,0.0,0.0,0.0,00008079
[0. 0. 1. 0. 0. 0. 0.],[1. 0. 0.],[0. 0. 0. 1. 0. 0. 0. 0. 0. 0. 0.],0.296,0.0,-0.001,0.0,00008092
[0. 0. 1. 0. 0. 0. 0.],[1. 0. 0.],[0. 0. 0. 1. 0. 0. 0. 0. 0. 0. 0.],0.278,1.0,-0.001,0.0,00008104
[0. 0. 1. 0. 0. 0. 0.],[1. 0. 0.],[0. 0. 0. 1. 0. 0. 0. 0. 0. 0. 0.],0.282,1.0,-0.001,0.0,00008117
[0. 0. 1. 0. 0. 0. 0.],[1. 0. 0.],[0. 0. 0. 1. 0. 0. 0. 0. 0. 0. 0.],0.299,0.6,0.001,0.0,00008130
[0. 0. 1. 0. 0. 0. 0.],[1. 0. 0.],[0. 0. 0. 1. 0. 0. 0. 0. 0. 0. 0.],0.302,0.0,-0.004,0.0,00008143
[0. 0. 1. 0. 0. 0. 0.],[0. 1. 0.],[0. 0. 0. 1. 0. 0. 0. 0. 0. 0. 0.],0.301,0.0,-0.0,0.0,00008155
[0. 0. 1. 0. 0. 0. 0.],[0. 1. 0.],[0. 0. 0. 1. 0. 0. 0. 0. 0. 0. 0.],0.273,0.0,0.0,1.0,00008168
[0. 0. 1. 0. 0. 0. 0.],[0. 1. 0.],[0. 0. 0. 1. 0. 0. 0. 0. 0. 0. 0.],0.185,0.0,0.0,1.0,00008181
[0. 0. 1. 0. 0. 0. 0.],[0. 1. 0.],[0. 0. 0. 1. 0. 0. 0. 0. 0. 0. 0.],0.114,0.0,0.0,1.0,00008194
[0. 0. 1. 0. 0. 0. 0.],[0. 1. 0.],[0. 0. 0. 1. 0. 0. 0. 0. 0. 0. 0.],0.046,0.0,0.0,1.0,00008206
[0. 0. 1. 0. 0. 0. 0.],[0. 1. 0.],[0. 0. 0. 1. 0. 0. 0. 0. 0. 0. 0.],0.0,0.0,0.0,1.0,00008219
[0. 0. 1. 0. 0. 0. 0.],[0. 1. 0.],[0. 0. 0. 1. 0. 0. 0. 0. 0. 0. 0.],0.0,0.0,0.0,1.0,00008231
[0. 0. 1. 0. 0. 0. 0.],[0. 1. 0.],[0. 0. 0. 1. 0. 0. 0. 0. 0. 0. 0.],0.0,0.0,0.0,1.0,00008244
[0. 0. 1. 0. 0. 0. 0.],[0. 1. 0.],[0. 0. 0. 1. 0. 0. 0. 0. 0. 0. 0.],0.0,0.0,0.0,1.0,00008257
[0. 0. 1. 0. 0. 0. 0.],[0. 1. 0.],[0. 0. 0. 1. 0. 0. 0. 0. 0. 0. 0.],0.0,0.0,0.0,1.0,00008270
[0. 0. 1. 0. 0. 0. 0.],[0. 1. 0.],[0. 0. 0. 1. 0. 0. 0. 0. 0. 0. 0.],0.0,0.0,0.0,1.0,00008284
[0. 0. 1. 0. 0. 0. 0.],[0. 1. 0.],[0. 0. 0. 1. 0. 0. 0. 0. 0. 0. 0.],0.0,0.0,0.0,1.0,00008297
[0. 0. 1. 0. 0. 0. 0.],[0. 1. 0.],[0. 0. 0. 1. 0. 0. 0. 0. 0. 0. 0.],0.0,0.0,0.0,1.0,00008311
[0. 0. 1. 0. 0. 0. 0.],[0. 1. 0.],[0. 0. 0. 1. 0. 0. 0. 0. 0. 0. 0.],0.0,0.0,0.0,1.0,00008325
[0. 0. 1. 0. 0. 0. 0.],[0. 1. 0.],[0. 0. 0. 1. 0. 0. 0. 0. 0. 0. 0.],0.0,0.0,0.0,1.0,00008338
[0. 0. 1. 0. 0. 0. 0.],[0. 1. 0.],[0. 0. 0. 1. 0. 0. 0. 0. 0. 0. 0.],0.0,0.0,0.0,1.0,00008352
[0. 0. 1. 0. 0. 0. 0.],[0. 1. 0.],[0. 0. 0. 1. 0. 0. 0. 0. 0. 0. 0.],0.0,0.0,0.0,1.0,00008365
[0. 0. 1. 0. 0. 0. 0.],[0. 1. 0.],[0. 0. 0. 1. 0. 0. 0. 0. 0. 0. 0.],0.0,0.0,0.0,1.0,00008378
[0. 0. 1. 0. 0. 0. 0.],[0. 1. 0.],[0. 0. 0. 1. 0. 0. 0. 0. 0. 0. 0.],0.0,0.0,0.0,1.0,00008392
[0. 0. 1. 0. 0. 0. 0.],[0. 1. 0.],[0. 0. 0. 1. 0. 0. 0. 0. 0. 0. 0.],0.0,0.0,0.0,1.0,00008405
[0. 0. 1. 0. 0. 0. 0.],[0. 1. 0.],[0. 0. 0. 1. 0. 0. 0. 0. 0. 0. 0.],0.0,0.0,0.0,1.0,00008419
[0. 0. 1. 0. 0. 0. 0.],[0. 1. 0.],[0. 0. 0. 1. 0. 0. 0. 0. 0. 0. 0.],0.0,0.0,0.0,1.0,00008432
[0. 0. 1. 0. 0. 0. 0.],[0. 1. 0.],[0. 0. 0. 1. 0. 0. 0. 0. 0. 0. 0.],0.0,0.0,0.0,1.0,00008446
[0. 0. 1. 0. 0. 0. 0.],[0. 1. 0.],[0. 0. 0. 1. 0. 0. 0. 0. 0. 0. 0.],0.0,0.0,0.0,1.0,00008459
[0. 0. 1. 0. 0. 0. 0.],[0. 1. 0.],[0. 0. 0. 1. 0. 0. 0. 0. 0. 0. 0.],0.0,0.0,0.0,1.0,00008473
[0. 0. 1. 0. 0. 0. 0.],[0. 1. 0.],[0. 0. 0. 1. 0. 0. 0. 0. 0. 0. 0.],0.0,0.0,0.0,1.0,00008486
[0. 0. 1. 0. 0. 0. 0.],[0. 1. 0.],[0. 0. 0. 1. 0. 0. 0. 0. 0. 0. 0.],0.0,0.0,0.0,1.0,00008500
[0. 0. 1. 0. 0. 0. 0.],[0. 1. 0.],[0. 0. 0. 1. 0. 0. 0. 0. 0. 0. 0.],0.0,0.0,0.0,1.0,00008513
[0. 0. 1. 0. 0. 0. 0.],[0. 1. 0.],[0. 0. 0. 1. 0. 0. 0. 0. 0. 0. 0.],0.0,0.0,0.0,1.0,00008527
[0. 0. 1. 0. 0. 0. 0.],[0. 1. 0.],[0. 0. 0. 1. 0. 0. 0. 0. 0. 0. 0.],0.0,0.0,0.0,1.0,00008540
[0. 0. 1. 0. 0. 0. 0.],[0. 1. 0.],[0. 0. 0. 1. 0. 0. 0. 0. 0. 0. 0.],0.0,0.0,0.0,1.0,00008554
[0. 0. 1. 0. 0. 0. 0.],[0. 1. 0.],[0. 0. 0. 1. 0. 0. 0. 0. 0. 0. 0.],0.0,0.0,0.0,1.0,00008567
[0. 0. 1. 0. 0. 0. 0.],[0. 1. 0.],[0. 0. 0. 1. 0. 0. 0. 0. 0. 0. 0.],0.0,0.0,0.0,1.0,00008581
[0. 0. 1. 0. 0. 0. 0.],[0. 1. 0.],[0. 0. 0. 1. 0. 0. 0. 0. 0. 0. 0.],0.0,0.0,0.0,1.0,00008594
[0. 0. 1. 0. 0. 0. 0.],[0. 1. 0.],[0. 0. 0. 1. 0. 0. 0. 0. 0. 0. 0.],0.0,0.0,0.0,1.0,00008607
[0. 0. 1. 0. 0. 0. 0.],[0. 1. 0.],[0. 0. 0. 1. 0. 0. 0. 0. 0. 0. 0.],0.0,0.0,0.0,1.0,00008620
[0. 0. 1. 0. 0. 0. 0.],[0. 1. 0.],[0. 0. 0. 1. 0. 0. 0. 0. 0. 0. 0.],0.0,0.0,0.0,1.0,00008634
[0. 0. 1. 0. 0. 0. 0.],[0. 1. 0.],[0. 0. 0. 1. 0. 0. 0. 0. 0. 0. 0.],0.0,0.0,0.0,1.0,00008648
[0. 0. 1. 0. 0. 0. 0.],[0. 1. 0.],[0. 0. 0. 1. 0. 0. 0. 0. 0. 0. 0.],0.0,0.0,0.0,1.0,00008661
[0. 0. 1. 0. 0. 0. 0.],[0. 1. 0.],[0. 0. 0. 1. 0. 0. 0. 0. 0. 0. 0.],0.0,0.0,0.0,1.0,00008675
[0. 0. 1. 0. 0. 0. 0.],[0. 1. 0.],[0. 0. 0. 1. 0. 0. 0. 0. 0. 0. 0.],0.0,0.0,0.0,1.0,00008689
[0. 0. 1. 0. 0. 0. 0.],[0. 1. 0.],[0. 0. 0. 1. 0. 0. 0. 0. 0. 0. 0.],0.0,0.0,0.0,1.0,00008703
[0. 0. 1. 0. 0. 0. 0.],[0. 1. 0.],[0. 0. 0. 1. 0. 0. 0. 0. 0. 0. 0.],0.0,0.0,0.0,1.0,00008717
[0. 0. 1. 0. 0. 0. 0.],[0. 1. 0.],[0. 0. 0. 1. 0. 0. 0. 0. 0. 0. 0.],0.0,0.0,0.0,1.0,00008730
[0. 0. 1. 0. 0. 0. 0.],[0. 1. 0.],[0. 0. 0. 1. 0. 0. 0. 0. 0. 0. 0.],0.0,0.0,0.0,1.0,00008744
[0. 0. 1. 0. 0. 0. 0.],[0. 1. 0.],[0. 0. 0. 1. 0. 0. 0. 0. 0. 0. 0.],0.0,0.0,0.0,1.0,00008758
[0. 0. 1. 0. 0. 0. 0.],[0. 1. 0.],[0. 0. 0. 1. 0. 0. 0. 0. 0. 0. 0.],0.0,0.0,0.0,1.0,00008772
[0. 0. 1. 0. 0. 0. 0.],[0. 1. 0.],[0. 0. 0. 1. 0. 0. 0. 0. 0. 0. 0.],0.0,0.0,0.0,1.0,00008786
[0. 0. 1. 0. 0. 0. 0.],[0. 1. 0.],[0. 0. 0. 1. 0. 0. 0. 0. 0. 0. 0.],0.0,0.0,0.0,1.0,00008800
[0. 0. 1. 0. 0. 0. 0.],[0. 1. 0.],[0. 0. 0. 1. 0. 0. 0. 0. 0. 0. 0.],0.0,0.0,0.0,1.0,00008813
[0. 0. 1. 0. 0. 0. 0.],[0. 1. 0.],[0. 0. 0. 1. 0. 0. 0. 0. 0. 0. 0.],0.0,0.0,0.0,1.0,00008827
[0. 0. 1. 0. 0. 0. 0.],[0. 1. 0.],[0. 0. 0. 1. 0. 0. 0. 0. 0. 0. 0.],0.0,0.0,0.0,1.0,00008840
[0. 0. 1. 0. 0. 0. 0.],[0. 1. 0.],[0. 0. 0. 1. 0. 0. 0. 0. 0. 0. 0.],0.0,0.0,0.0,1.0,00008854
[0. 0. 1. 0. 0. 0. 0.],[0. 1. 0.],[0. 0. 0. 1. 0. 0. 0. 0. 0. 0. 0.],0.0,0.0,0.0,1.0,00008867
[0. 0. 1. 0. 0. 0. 0.],[0. 1. 0.],[0. 0. 0. 1. 0. 0. 0. 0. 0. 0. 0.],0.0,0.0,0.0,1.0,00008881
[0. 0. 1. 0. 0. 0. 0.],[0. 1. 0.],[0. 0. 0. 1. 0. 0. 0. 0. 0. 0. 0.],0.0,0.0,0.0,1.0,00008894
[0. 0. 1. 0. 0. 0. 0.],[0. 1. 0.],[0. 0. 0. 1. 0. 0. 0. 0. 0. 0. 0.],0.0,0.0,0.0,1.0,00008908
[0. 0. 1. 0. 0. 0. 0.],[0. 1. 0.],[0. 0. 0. 1. 0. 0. 0. 0. 0. 0. 0.],0.0,0.0,0.0,1.0,00008922
[0. 0. 1. 0. 0. 0. 0.],[0. 1. 0.],[0. 0. 0. 1. 0. 0. 0. 0. 0. 0. 0.],0.0,0.0,0.0,1.0,00008935
[0. 0. 1. 0. 0. 0. 0.],[0. 1. 0.],[0. 0. 0. 1. 0. 0. 0. 0. 0. 0. 0.],0.0,0.0,0.0,1.0,00008949
[0. 0. 1. 0. 0. 0. 0.],[0. 1. 0.],[0. 0. 0. 1. 0. 0. 0. 0. 0. 0. 0.],0.0,0.0,0.0,1.0,00008962
[0. 0. 1. 0. 0. 0. 0.],[0. 1. 0.],[0. 0. 0. 1. 0. 0. 0. 0. 0. 0. 0.],0.0,0.0,0.0,1.0,00008976
[0. 0. 1. 0. 0. 0. 0.],[0. 1. 0.],[0. 0. 0. 1. 0. 0. 0. 0. 0. 0. 0.],0.0,0.0,0.0,1.0,00008989
[0. 0. 1. 0. 0. 0. 0.],[0. 1. 0.],[0. 0. 0. 1. 0. 0. 0. 0. 0. 0. 0.],0.0,0.0,0.0,1.0,00009003
[0. 0. 1. 0. 0. 0. 0.],[0. 1. 0.],[0. 0. 0. 1. 0. 0. 0. 0. 0. 0. 0.],0.0,0.0,0.0,1.0,00009016
[0. 0. 1. 0. 0. 0. 0.],[0. 1. 0.],[0. 0. 0. 1. 0. 0. 0. 0. 0. 0. 0.],0.0,0.0,0.0,1.0,00009030
[0. 0. 1. 0. 0. 0. 0.],[0. 1. 0.],[0. 0. 0. 1. 0. 0. 0. 0. 0. 0. 0.],0.0,0.0,0.0,1.0,00009044
[0. 0. 1. 0. 0. 0. 0.],[0. 1. 0.],[0. 0. 0. 1. 0. 0. 0. 0. 0. 0. 0.],0.0,0.0,0.0,1.0,00009057
[0. 0. 1. 0. 0. 0. 0.],[0. 1. 0.],[0. 0. 0. 1. 0. 0. 0. 0. 0. 0. 0.],0.0,0.0,0.0,1.0,00009071
[0. 0. 1. 0. 0. 0. 0.],[0. 1. 0.],[0. 0. 0. 1. 0. 0. 0. 0. 0. 0. 0.],0.0,0.0,0.0,1.0,00009084
[0. 0. 1. 0. 0. 0. 0.],[0. 1. 0.],[0. 0. 0. 1. 0. 0. 0. 0. 0. 0. 0.],0.0,0.0,0.0,1.0,00009098
[0. 0. 1. 0. 0. 0. 0.],[0. 1. 0.],[0. 0. 0. 1. 0. 0. 0. 0. 0. 0. 0.],0.0,0.0,0.0,1.0,00009112
[0. 0. 1. 0. 0. 0. 0.],[0. 1. 0.],[0. 0. 0. 1. 0. 0. 0. 0. 0. 0. 0.],0.0,0.0,0.0,1.0,00009125
[0. 0. 1. 0. 0. 0. 0.],[0. 1. 0.],[0. 0. 0. 1. 0. 0. 0. 0. 0. 0. 0.],0.0,0.0,0.0,1.0,00009138
[0. 0. 1. 0. 0. 0. 0.],[0. 1. 0.],[0. 0. 0. 1. 0. 0. 0. 0. 0. 0. 0.],0.0,0.0,0.0,1.0,00009151
[0. 0. 1. 0. 0. 0. 0.],[0. 1. 0.],[0. 0. 0. 1. 0. 0. 0. 0. 0. 0. 0.],0.0,0.0,0.0,1.0,00009164
[0. 0. 1. 0. 0. 0. 0.],[0. 1. 0.],[0. 0. 0. 1. 0. 0. 0. 0. 0. 0. 0.],0.0,0.0,0.0,1.0,00009177
[0. 0. 1. 0. 0. 0. 0.],[0. 1. 0.],[0. 0. 0. 1. 0. 0. 0. 0. 0. 0. 0.],0.0,0.0,0.0,1.0,00009191
[0. 0. 1. 0. 0. 0. 0.],[0. 1. 0.],[0. 0. 0. 1. 0. 0. 0. 0. 0. 0. 0.],0.0,0.0,0.0,1.0,00009204
[0. 0. 1. 0. 0. 0. 0.],[0. 1. 0.],[0. 0. 0. 1. 0. 0. 0. 0. 0. 0. 0.],0.0,0.0,0.0,1.0,00009218
[0. 0. 1. 0. 0. 0. 0.],[0. 1. 0.],[0. 0. 0. 1. 0. 0. 0. 0. 0. 0. 0.],0.0,0.0,0.0,1.0,00009232
[0. 0. 1. 0. 0. 0. 0.],[0. 1. 0.],[0. 0. 0. 1. 0. 0. 0. 0. 0. 0. 0.],0.0,0.0,0.0,1.0,00009246
[0. 0. 1. 0. 0. 0. 0.],[0. 1. 0.],[0. 0. 0. 1. 0. 0. 0. 0. 0. 0. 0.],0.0,0.0,0.0,1.0,00009259
[0. 0. 1. 0. 0. 0. 0.],[0. 1. 0.],[0. 0. 0. 1. 0. 0. 0. 0. 0. 0. 0.],0.0,0.0,0.0,1.0,00009273
[0. 0. 1. 0. 0. 0. 0.],[0. 1. 0.],[0. 0. 0. 1. 0. 0. 0. 0. 0. 0. 0.],0.0,0.0,0.0,1.0,00009287
[0. 0. 1. 0. 0. 0. 0.],[0. 1. 0.],[0. 0. 0. 1. 0. 0. 0. 0. 0. 0. 0.],0.0,0.0,0.0,1.0,00009301
[0. 0. 1. 0. 0. 0. 0.],[0. 1. 0.],[0. 0. 0. 1. 0. 0. 0. 0. 0. 0. 0.],0.0,0.0,0.0,1.0,00009314
[0. 0. 1. 0. 0. 0. 0.],[0. 1. 0.],[0. 0. 0. 1. 0. 0. 0. 0. 0. 0. 0.],0.0,0.0,0.0,1.0,00009328
[0. 0. 1. 0. 0. 0. 0.],[0. 1. 0.],[0. 0. 0. 1. 0. 0. 0. 0. 0. 0. 0.],0.0,0.0,0.0,1.0,00009341
[0. 0. 1. 0. 0. 0. 0.],[0. 1. 0.],[0. 0. 0. 1. 0. 0. 0. 0. 0. 0. 0.],0.0,0.0,0.0,1.0,00009355
[0. 0. 1. 0. 0. 0. 0.],[0. 1. 0.],[0. 0. 0. 1. 0. 0. 0. 0. 0. 0. 0.],0.0,0.0,0.0,1.0,00009368
[0. 0. 1. 0. 0. 0. 0.],[0. 1. 0.],[0. 0. 0. 1. 0. 0. 0. 0. 0. 0. 0.],0.0,0.0,0.0,1.0,00009382
[0. 0. 1. 0. 0. 0. 0.],[0. 1. 0.],[0. 0. 0. 1. 0. 0. 0. 0. 0. 0. 0.],0.0,0.0,0.0,1.0,00009396
[0. 0. 1. 0. 0. 0. 0.],[0. 1. 0.],[0. 0. 0. 1. 0. 0. 0. 0. 0. 0. 0.],0.0,0.0,0.0,1.0,00009409
[0. 0. 1. 0. 0. 0. 0.],[0. 1. 0.],[0. 0. 0. 1. 0. 0. 0. 0. 0. 0. 0.],0.0,0.0,0.0,1.0,00009422
[0. 0. 1. 0. 0. 0. 0.],[0. 1. 0.],[0. 0. 0. 1. 0. 0. 0. 0. 0. 0. 0.],0.0,0.0,0.0,1.0,00009436
[0. 0. 1. 0. 0. 0. 0.],[0. 1. 0.],[0. 0. 0. 1. 0. 0. 0. 0. 0. 0. 0.],0.0,0.0,0.0,1.0,00009450
[0. 0. 0. 0. 1. 0. 0.],[0. 1. 0.],[0. 0. 0. 1. 0. 0. 0. 0. 0. 0. 0.],0.0,0.0,0.0,1.0,00009463
[0. 0. 0. 0. 1. 0. 0.],[1. 0. 0.],[0. 0. 0. 1. 0. 0. 0. 0. 0. 0. 0.],0.0,0.0,0.0,1.0,00009477
[0. 0. 0. 0. 1. 0. 0.],[1. 0. 0.],[0. 0. 0. 1. 0. 0. 0. 0. 0. 0. 0.],0.002,1.0,0.002,0.0,00009490
[0. 0. 0. 0. 1. 0. 0.],[1. 0. 0.],[0. 0. 0. 1. 0. 0. 0. 0. 0. 0. 0.],0.03,1.0,0.0,0.0,00009503
[0. 0. 0. 0. 1. 0. 0.],[1. 0. 0.],[0. 0. 0. 1. 0. 0. 0. 0. 0. 0. 0.],0.065,1.0,0.0,0.0,00009516
[0. 0. 0. 0. 1. 0. 0.],[1. 0. 0.],[0. 0. 0. 1. 0. 0. 0. 0. 0. 0. 0.],0.102,1.0,0.0,0.0,00009529
[0. 0. 0. 0. 1. 0. 0.],[1. 0. 0.],[0. 0. 0. 1. 0. 0. 0. 0. 0. 0. 0.],0.132,1.0,0.0,0.0,00009542
[0. 0. 0. 0. 1. 0. 0.],[1. 0. 0.],[0. 0. 0. 1. 0. 0. 0. 0. 0. 0. 0.],0.163,1.0,0.0,0.0,00009555
[0. 0. 0. 0. 1. 0. 0.],[1. 0. 0.],[0. 0. 0. 1. 0. 0. 0. 0. 0. 0. 0.],0.19,1.0,0.0,0.0,00009569
[0. 0. 0. 0. 1. 0. 0.],[1. 0. 0.],[0. 0. 0. 1. 0. 0. 0. 0. 0. 0. 0.],0.195,1.0,0.001,0.0,00009581
[0. 0. 0. 0. 1. 0. 0.],[1. 0. 0.],[0. 0. 0. 1. 0. 0. 0. 0. 0. 0. 0.],0.195,1.0,0.015,0.0,00009594
[0. 0. 0. 0. 1. 0. 0.],[1. 0. 0.],[0. 0. 0. 1. 0. 0. 0. 0. 0. 0. 0.],0.208,1.0,0.034,0.0,00009607
[0. 0. 0. 0. 1. 0. 0.],[1. 0. 0.],[0. 0. 0. 1. 0. 0. 0. 0. 0. 0. 0.],0.241,1.0,0.179,0.0,00009620
[0. 0. 0. 0. 1. 0. 0.],[1. 0. 0.],[0. 0. 0. 1. 0. 0. 0. 0. 0. 0. 0.],0.273,1.0,0.072,0.0,00009632
[0. 0. 0. 0. 1. 0. 0.],[1. 0. 0.],[0. 0. 0. 1. 0. 0. 0. 0. 0. 0. 0.],0.296,1.0,0.279,0.0,00009644
[0. 0. 0. 0. 1. 0. 0.],[1. 0. 0.],[0. 0. 0. 1. 0. 0. 0. 0. 0. 0. 0.],0.315,0.0,0.354,0.0,00009656
[0. 0. 0. 0. 1. 0. 0.],[1. 0. 0.],[0. 0. 0. 1. 0. 0. 0. 0. 0. 0. 0.],0.303,0.0,0.535,0.0,00009668
[0. 0. 0. 0. 1. 0. 0.],[1. 0. 0.],[0. 0. 0. 1. 0. 0. 0. 0. 0. 0. 0.],0.28,1.0,0.41,0.0,00009678
[0. 0. 1. 0. 0. 0. 0.],[1. 0. 0.],[0. 0. 0. 1. 0. 0. 0. 0. 0. 0. 0.],0.269,1.0,0.268,0.0,00009687
[0. 0. 1. 0. 0. 0. 0.],[1. 0. 0.],[0. 0. 0. 1. 0. 0. 0. 0. 0. 0. 0.],0.267,1.0,0.262,0.0,00009696
[0. 0. 1. 0. 0. 0. 0.],[1. 0. 0.],[0. 0. 0. 1. 0. 0. 0. 0. 0. 0. 0.],0.264,1.0,0.285,0.0,00009703
[0. 0. 1. 0. 0. 0. 0.],[1. 0. 0.],[0. 0. 0. 1. 0. 0. 0. 0. 0. 0. 0.],0.258,1.0,0.259,0.0,00009711
[0. 0. 1. 0. 0. 0. 0.],[1. 0. 0.],[0. 0. 0. 1. 0. 0. 0. 0. 0. 0. 0.],0.247,1.0,0.185,0.0,00009718
[0. 0. 1. 0. 0. 0. 0.],[1. 0. 0.],[0. 0. 0. 1. 0. 0. 0. 0. 0. 0. 0.],0.258,1.0,0.083,0.0,00009726
[0. 0. 1. 0. 0. 0. 0.],[1. 0. 0.],[0. 0. 0. 1. 0. 0. 0. 0. 0. 0. 0.],0.274,1.0,0.087,0.0,00009733
[0. 0. 1. 0. 0. 0. 0.],[1. 0. 0.],[0. 0. 0. 1. 0. 0. 0. 0. 0. 0. 0.],0.295,1.0,0.034,0.0,00009741
[0. 0. 1. 0. 0. 0. 0.],[1. 0. 0.],[0. 0. 0. 1. 0. 0. 0. 0. 0. 0. 0.],0.314,0.0,-0.017,0.0,00009748
[0. 0. 1. 0. 0. 0. 0.],[1. 0. 0.],[0. 0. 0. 1. 0. 0. 0. 0. 0. 0. 0.],0.311,0.0,0.036,0.0,00009755
[0. 0. 1. 0. 0. 0. 0.],[1. 0. 0.],[0. 0. 0. 1. 0. 0. 0. 0. 0. 0. 0.],0.291,0.044,-0.01,0.0,00009763
[0. 0. 1. 0. 0. 0. 0.],[1. 0. 0.],[0. 0. 0. 1. 0. 0. 0. 0. 0. 0. 0.],0.268,1.0,0.011,0.0,00009770
[0. 0. 1. 0. 0. 0. 0.],[1. 0. 0.],[0. 0. 0. 1. 0. 0. 0. 0. 0. 0. 0.],0.266,1.0,-0.016,0.0,00009778
[0. 0. 1. 0. 0. 0. 0.],[1. 0. 0.],[0. 0. 0. 1. 0. 0. 0. 0. 0. 0. 0.],0.267,1.0,-0.012,0.0,00009785
[0. 0. 1. 0. 0. 0. 0.],[1. 0. 0.],[0. 0. 0. 1. 0. 0. 0. 0. 0. 0. 0.],0.266,1.0,-0.012,0.0,00009792
[0. 0. 1. 0. 0. 0. 0.],[1. 0. 0.],[0. 0. 0. 1. 0. 0. 0. 0. 0. 0. 0.],0.275,1.0,-0.007,0.0,00009799
[0. 0. 1. 0. 0. 0. 0.],[1. 0. 0.],[0. 0. 0. 1. 0. 0. 0. 0. 0. 0. 0.],0.299,1.0,-0.007,0.0,00009807
[0. 0. 1. 0. 0. 0. 0.],[1. 0. 0.],[0. 0. 0. 1. 0. 0. 0. 0. 0. 0. 0.],0.322,0.0,-0.002,0.0,00009814
[0. 0. 1. 0. 0. 0. 0.],[1. 0. 0.],[0. 0. 0. 1. 0. 0. 0. 0. 0. 0. 0.],0.319,0.0,-0.001,0.0,00009822
[0. 0. 1. 0. 0. 0. 0.],[1. 0. 0.],[0. 0. 0. 1. 0. 0. 0. 0. 0. 0. 0.],0.301,0.0,-0.003,0.0,00009829
[0. 0. 1. 0. 0. 0. 0.],[1. 0. 0.],[0. 0. 0. 1. 0. 0. 0. 0. 0. 0. 0.],0.277,1.0,-0.004,0.0,00009837
[0. 0. 1. 0. 0. 0. 0.],[1. 0. 0.],[0. 0. 0. 1. 0. 0. 0. 0. 0. 0. 0.],0.278,1.0,-0.001,0.0,00009845
[0. 0. 1. 0. 0. 0. 0.],[1. 0. 0.],[0. 0. 0. 1. 0. 0. 0. 0. 0. 0. 0.],0.292,1.0,-0.005,0.0,00009853
[0. 0. 1. 0. 0. 0. 0.],[1. 0. 0.],[0. 0. 0. 1. 0. 0. 0. 0. 0. 0. 0.],0.307,0.0,-0.003,0.0,00009861
[0. 0. 1. 0. 0. 0. 0.],[1. 0. 0.],[0. 0. 0. 1. 0. 0. 0. 0. 0. 0. 0.],0.306,0.0,-0.003,0.0,00009869
[0. 0. 1. 0. 0. 0. 0.],[1. 0. 0.],[0. 0. 0. 1. 0. 0. 0. 0. 0. 0. 0.],0.305,0.0,0.005,0.0,00009877
[0. 0. 1. 0. 0. 0. 0.],[1. 0. 0.],[0. 0. 0. 1. 0. 0. 0. 0. 0. 0. 0.],0.278,0.636,0.003,0.0,00009886
[0. 0. 1. 0. 0. 0. 0.],[1. 0. 0.],[0. 0. 0. 1. 0. 0. 0. 0. 0. 0. 0.],0.255,1.0,-0.001,0.0,00009894
[0. 0. 1. 0. 0. 0. 0.],[1. 0. 0.],[0. 0. 0. 1. 0. 0. 0. 0. 0. 0. 0.],0.254,1.0,0.001,0.0,00009902
[0. 0. 1. 0. 0. 0. 0.],[1. 0. 0.],[0. 0. 0. 1. 0. 0. 0. 0. 0. 0. 0.],0.266,1.0,0.002,0.0,00009911
[0. 0. 1. 0. 0. 0. 0.],[1. 0. 0.],[0. 0. 0. 1. 0. 0. 0. 0. 0. 0. 0.],0.283,1.0,-0.0,0.0,00009919
[0. 0. 1. 0. 0. 0. 0.],[1. 0. 0.],[0. 0. 0. 1. 0. 0. 0. 0. 0. 0. 0.],0.303,0.873,0.0,0.0,00009927
[0. 0. 1. 0. 0. 0. 0.],[1. 0. 0.],[0. 0. 0. 1. 0. 0. 0. 0. 0. 0. 0.],0.312,0.0,0.0,0.0,00009936
[0. 0. 1. 0. 0. 0. 0.],[1. 0. 0.],[0. 0. 0. 1. 0. 0. 0. 0. 0. 0. 0.],0.297,0.0,-0.0,0.0,00009944
[0. 0. 1. 0. 0. 0. 0.],[1. 0. 0.],[0. 0. 0. 1. 0. 0. 0. 0. 0. 0. 0.],0.272,1.0,0.0,0.0,00009952
[0. 0. 1. 0. 0. 0. 0.],[1. 0. 0.],[0. 0. 0. 1. 0. 0. 0. 0. 0. 0. 0.],0.263,1.0,0.0,0.0,00009961
[0. 0. 1. 0. 0. 0. 0.],[1. 0. 0.],[0. 0. 0. 1. 0. 0. 0. 0. 0. 0. 0.],0.266,1.0,-0.0,0.0,00009969
[0. 0. 1. 0. 0. 0. 0.],[1. 0. 0.],[0. 0. 0. 1. 0. 0. 0. 0. 0. 0. 0.],0.266,1.0,-0.0,0.0,00009977
[0. 0. 1. 0. 0. 0. 0.],[1. 0. 0.],[0. 0. 0. 1. 0. 0. 0. 0. 0. 0. 0.],0.265,1.0,0.0,0.0,00009986
[0. 0. 1. 0. 0. 0. 0.],[1. 0. 0.],[0. 0. 0. 1. 0. 0. 0. 0. 0. 0. 0.],0.296,1.0,-0.0,0.0,00009994
[0. 0. 1. 0. 0. 0. 0.],[1. 0. 0.],[0. 0. 0. 1. 0. 0. 0. 0. 0. 0. 0.],0.322,0.0,-0.0,0.0,00010002
[0. 0. 1. 0. 0. 0. 0.],[1. 0. 0.],[0. 0. 0. 1. 0. 0. 0. 0. 0. 0. 0.],0.324,0.0,0.0,0.0,00010010
[0. 0. 1. 0. 0. 0. 0.],[1. 0. 0.],[0. 0. 0. 1. 0. 0. 0. 0. 0. 0. 0.],0.309,0.0,-0.0,0.0,00010018
[0. 0. 1. 0. 0. 0. 0.],[1. 0. 0.],[0. 0. 0. 1. 0. 0. 0. 0. 0. 0. 0.],0.286,0.656,-0.0,0.0,00010026
[0. 0. 1. 0. 0. 0. 0.],[1. 0. 0.],[0. 0. 0. 1. 0. 0. 0. 0. 0. 0. 0.],0.276,1.0,0.0,0.0,00010035
[0. 0. 1. 0. 0. 0. 0.],[1. 0. 0.],[0. 0. 0. 1. 0. 0. 0. 0. 0. 0. 0.],0.29,1.0,-0.0,0.0,00010044
[0. 0. 1. 0. 0. 0. 0.],[1. 0. 0.],[0. 0. 0. 1. 0. 0. 0. 0. 0. 0. 0.],0.308,0.193,-0.0,0.0,00010052
[0. 0. 1. 0. 0. 0. 0.],[1. 0. 0.],[0. 0. 0. 1. 0. 0. 0. 0. 0. 0. 0.],0.307,0.0,0.0,0.0,00010060
[0. 0. 1. 0. 0. 0. 0.],[1. 0. 0.],[0. 0. 0. 1. 0. 0. 0. 0. 0. 0. 0.],0.306,0.0,0.0,0.0,00010069
[0. 0. 1. 0. 0. 0. 0.],[1. 0. 0.],[0. 0. 0. 1. 0. 0. 0. 0. 0. 0. 0.],0.287,0.0,-0.0,0.0,00010078
[0. 0. 1. 0. 0. 0. 0.],[1. 0. 0.],[0. 0. 0. 1. 0. 0. 0. 0. 0. 0. 0.],0.261,1.0,0.0,0.0,00010086
[0. 0. 1. 0. 0. 0. 0.],[1. 0. 0.],[0. 0. 0. 1. 0. 0. 0. 0. 0. 0. 0.],0.253,1.0,0.0,0.0,00010095
[0. 0. 1. 0. 0. 0. 0.],[1. 0. 0.],[0. 0. 0. 1. 0. 0. 0. 0. 0. 0. 0.],0.263,1.0,0.0,0.0,00010103
[0. 0. 1. 0. 0. 0. 0.],[1. 0. 0.],[0. 0. 0. 1. 0. 0. 0. 0. 0. 0. 0.],0.279,1.0,-0.0,0.0,00010112
[0. 0. 1. 0. 0. 0. 0.],[1. 0. 0.],[0. 0. 0. 1. 0. 0. 0. 0. 0. 0. 0.],0.298,1.0,0.0,0.0,00010120
[0. 0. 1. 0. 0. 0. 0.],[1. 0. 0.],[0. 0. 0. 1. 0. 0. 0. 0. 0. 0. 0.],0.313,0.0,-0.0,0.0,00010129
[0. 0. 1. 0. 0. 0. 0.],[1. 0. 0.],[0. 0. 0. 1. 0. 0. 0. 0. 0. 0. 0.],0.3,0.0,0.0,0.0,00010137
[0. 0. 1. 0. 0. 0. 0.],[1. 0. 0.],[0. 0. 0. 1. 0. 0. 0. 0. 0. 0. 0.],0.278,1.0,0.0,0.0,00010145
[0. 0. 1. 0. 0. 0. 0.],[1. 0. 0.],[0. 0. 0. 1. 0. 0. 0. 0. 0. 0. 0.],0.263,1.0,0.0,0.0,00010154
[0. 0. 1. 0. 0. 0. 0.],[1. 0. 0.],[0. 0. 0. 1. 0. 0. 0. 0. 0. 0. 0.],0.268,1.0,0.0,0.0,00010163
[0. 0. 1. 0. 0. 0. 0.],[1. 0. 0.],[0. 0. 0. 1. 0. 0. 0. 0. 0. 0. 0.],0.267,1.0,-0.0,0.0,00010172
[0. 0. 1. 0. 0. 0. 0.],[1. 0. 0.],[0. 0. 0. 1. 0. 0. 0. 0. 0. 0. 0.],0.266,1.0,0.0,0.0,00010181
[0. 0. 1. 0. 0. 0. 0.],[1. 0. 0.],[0. 0. 0. 1. 0. 0. 0. 0. 0. 0. 0.],0.288,1.0,-0.0,0.0,00010190
[0. 0. 1. 0. 0. 0. 0.],[1. 0. 0.],[0. 0. 0. 1. 0. 0. 0. 0. 0. 0. 0.],0.316,0.0,-0.0,0.0,00010198
[0. 0. 1. 0. 0. 0. 0.],[1. 0. 0.],[0. 0. 0. 1. 0. 0. 0. 0. 0. 0. 0.],0.326,0.0,0.0,0.0,00010207
[0. 0. 1. 0. 0. 0. 0.],[1. 0. 0.],[0. 0. 0. 1. 0. 0. 0. 0. 0. 0. 0.],0.311,0.0,0.0,0.0,00010216
[0. 0. 1. 0. 0. 0. 0.],[1. 0. 0.],[0. 0. 0. 1. 0. 0. 0. 0. 0. 0. 0.],0.289,0.0,0.0,0.0,00010224
[0. 0. 1. 0. 0. 0. 0.],[1. 0. 0.],[0. 0. 0. 1. 0. 0. 0. 0. 0. 0. 0.],0.274,1.0,-0.0,0.0,00010233
[0. 0. 1. 0. 0. 0. 0.],[1. 0. 0.],[0. 0. 0. 1. 0. 0. 0. 0. 0. 0. 0.],0.279,1.0,0.0,0.0,00010242
[0. 0. 1. 0. 0. 0. 0.],[1. 0. 0.],[0. 0. 0. 1. 0. 0. 0. 0. 0. 0. 0.],0.3,0.927,0.0,0.0,00010251
[0. 0. 1. 0. 0. 0. 0.],[1. 0. 0.],[0. 0. 0. 1. 0. 0. 0. 0. 0. 0. 0.],0.306,0.0,0.0,0.0,00010260
[0. 0. 1. 0. 0. 0. 0.],[1. 0. 0.],[0. 0. 0. 1. 0. 0. 0. 0. 0. 0. 0.],0.306,0.0,-0.0,0.0,00010269
[0. 0. 1. 0. 0. 0. 0.],[1. 0. 0.],[0. 0. 0. 1. 0. 0. 0. 0. 0. 0. 0.],0.295,0.0,-0.0,0.0,00010279
[0. 0. 1. 0. 0. 0. 0.],[1. 0. 0.],[0. 0. 0. 1. 0. 0. 0. 0. 0. 0. 0.],0.269,1.0,0.0,0.0,00010288
[0. 0. 1. 0. 0. 0. 0.],[1. 0. 0.],[0. 0. 0. 1. 0. 0. 0. 0. 0. 0. 0.],0.258,1.0,0.0,0.0,00010297
[0. 0. 1. 0. 0. 0. 0.],[1. 0. 0.],[0. 0. 0. 1. 0. 0. 0. 0. 0. 0. 0.],0.265,1.0,0.0,0.0,00010306
[0. 0. 1. 0. 0. 0. 0.],[1. 0. 0.],[0. 0. 0. 1. 0. 0. 0. 0. 0. 0. 0.],0.282,1.0,-0.0,0.0,00010315
[0. 0. 1. 0. 0. 0. 0.],[1. 0. 0.],[0. 0. 0. 1. 0. 0. 0. 0. 0. 0. 0.],0.302,1.0,-0.0,0.0,00010324
[0. 0. 1. 0. 0. 0. 0.],[1. 0. 0.],[0. 0. 0. 1. 0. 0. 0. 0. 0. 0. 0.],0.314,0.0,-0.0,0.0,00010333
[0. 0. 1. 0. 0. 0. 0.],[1. 0. 0.],[0. 0. 0. 1. 0. 0. 0. 0. 0. 0. 0.],0.3,0.0,0.0,0.0,00010342
